04-22 18:05:43 com_github_MitjaNemec_Archive3DModels.action_archive_3d_models 238:Plugin executed on: 'win32'
04-22 18:05:43 com_github_MitjaNemec_Archive3DModels.action_archive_3d_models 239:Plugin executed with python version: '3.11.5 (main, Jun 15 2025, 06:45:45) [MSC v.1942 64 bit (AMD64)]'
04-22 18:05:43 com_github_MitjaNemec_Archive3DModels.action_archive_3d_models 240:KiCad build version: 9.0.4
04-22 18:05:43 com_github_MitjaNemec_Archive3DModels.action_archive_3d_models 241:Plugin version: 1.0.15
04-22 18:05:43 com_github_MitjaNemec_Archive3DModels.action_archive_3d_models 246:Screen sizes: [wx.Size(2560, 1440), wx.Size(1600, 900)]
04-22 18:05:43 com_github_MitjaNemec_Archive3DModels.action_archive_3d_models 253:Dialog size: wx.Size(213, 81)
04-22 18:05:43 com_github_MitjaNemec_Archive3DModels.action_archive_3d_models 255:Char size: 15
04-22 18:05:44 com_github_MitjaNemec_Archive3DModels.archive_3d_models 30:Starting to archive 3D models
04-22 18:05:44 com_github_MitjaNemec_Archive3DModels.archive_3d_models 51:Getting 3D models for footprint of: R143
04-22 18:05:44 com_github_MitjaNemec_Archive3DModels.archive_3d_models 63:Trying to copy: ${KICAD9_3DMODEL_DIR}/Resistor_SMD.3dshapes/R_0603_1608Metric.step
04-22 18:05:44 com_github_MitjaNemec_Archive3DModels.archive_3d_models 150:Remapping: ${KICAD9_3DMODEL_DIR}/Resistor_SMD.3dshapes/R_0603_1608Metric.step
04-22 18:05:44 com_github_MitjaNemec_Archive3DModels.archive_3d_models 51:Getting 3D models for footprint of: R85
04-22 18:05:44 com_github_MitjaNemec_Archive3DModels.archive_3d_models 63:Trying to copy: ${KICAD9_3DMODEL_DIR}/Resistor_SMD.3dshapes/R_0603_1608Metric.step
04-22 18:05:44 com_github_MitjaNemec_Archive3DModels.archive_3d_models 150:Remapping: ${KICAD9_3DMODEL_DIR}/Resistor_SMD.3dshapes/R_0603_1608Metric.step
04-22 18:05:44 com_github_MitjaNemec_Archive3DModels.archive_3d_models 51:Getting 3D models for footprint of: R97
04-22 18:05:44 com_github_MitjaNemec_Archive3DModels.archive_3d_models 63:Trying to copy: ${KICAD9_3DMODEL_DIR}/Resistor_SMD.3dshapes/R_0603_1608Metric.step
04-22 18:05:44 com_github_MitjaNemec_Archive3DModels.archive_3d_models 150:Remapping: ${KICAD9_3DMODEL_DIR}/Resistor_SMD.3dshapes/R_0603_1608Metric.step
04-22 18:05:44 com_github_MitjaNemec_Archive3DModels.archive_3d_models 51:Getting 3D models for footprint of: U53
04-22 18:05:44 com_github_MitjaNemec_Archive3DModels.archive_3d_models 63:Trying to copy: ${KICAD9_3DMODEL_DIR}/Package_SO.3dshapes/SOP-4_3.8x4.1mm_P2.54mm.step
04-22 18:05:44 com_github_MitjaNemec_Archive3DModels.archive_3d_models 150:Remapping: ${KICAD9_3DMODEL_DIR}/Package_SO.3dshapes/SOP-4_3.8x4.1mm_P2.54mm.step
04-22 18:05:44 com_github_MitjaNemec_Archive3DModels.archive_3d_models 51:Getting 3D models for footprint of: R147
04-22 18:05:44 com_github_MitjaNemec_Archive3DModels.archive_3d_models 63:Trying to copy: ${KICAD9_3DMODEL_DIR}/Resistor_SMD.3dshapes/R_0603_1608Metric.step
04-22 18:05:44 com_github_MitjaNemec_Archive3DModels.archive_3d_models 150:Remapping: ${KICAD9_3DMODEL_DIR}/Resistor_SMD.3dshapes/R_0603_1608Metric.step
04-22 18:05:44 com_github_MitjaNemec_Archive3DModels.archive_3d_models 51:Getting 3D models for footprint of: FB16
04-22 18:05:44 com_github_MitjaNemec_Archive3DModels.archive_3d_models 63:Trying to copy: ${KICAD9_3DMODEL_DIR}/Inductor_SMD.3dshapes/L_0603_1608Metric.step
04-22 18:05:44 com_github_MitjaNemec_Archive3DModels.archive_3d_models 150:Remapping: ${KICAD9_3DMODEL_DIR}/Inductor_SMD.3dshapes/L_0603_1608Metric.step
04-22 18:05:44 com_github_MitjaNemec_Archive3DModels.archive_3d_models 51:Getting 3D models for footprint of: J1
04-22 18:05:44 com_github_MitjaNemec_Archive3DModels.archive_3d_models 63:Trying to copy: ${KICAD9_3DMODEL_DIR}/Connector_Phoenix_MC.3dshapes/PhoenixContact_MC_1,5_5-G-3.5_1x05_P3.50mm_Horizontal.step
04-22 18:05:44 com_github_MitjaNemec_Archive3DModels.archive_3d_models 150:Remapping: ${KICAD9_3DMODEL_DIR}/Connector_Phoenix_MC.3dshapes/PhoenixContact_MC_1,5_5-G-3.5_1x05_P3.50mm_Horizontal.step
04-22 18:05:44 com_github_MitjaNemec_Archive3DModels.archive_3d_models 51:Getting 3D models for footprint of: U47
04-22 18:05:44 com_github_MitjaNemec_Archive3DModels.archive_3d_models 63:Trying to copy: ${KICAD9_3DMODEL_DIR}/Package_TO_SOT_SMD.3dshapes/SOT-363_SC-70-6.step
04-22 18:05:44 com_github_MitjaNemec_Archive3DModels.archive_3d_models 150:Remapping: ${KICAD9_3DMODEL_DIR}/Package_TO_SOT_SMD.3dshapes/SOT-363_SC-70-6.step
04-22 18:05:44 com_github_MitjaNemec_Archive3DModels.archive_3d_models 51:Getting 3D models for footprint of: C39
04-22 18:05:44 com_github_MitjaNemec_Archive3DModels.archive_3d_models 63:Trying to copy: ${KICAD9_3DMODEL_DIR}/Capacitor_SMD.3dshapes/C_0603_1608Metric.step
04-22 18:05:44 com_github_MitjaNemec_Archive3DModels.archive_3d_models 150:Remapping: ${KICAD9_3DMODEL_DIR}/Capacitor_SMD.3dshapes/C_0603_1608Metric.step
04-22 18:05:44 com_github_MitjaNemec_Archive3DModels.archive_3d_models 51:Getting 3D models for footprint of: R165
04-22 18:05:44 com_github_MitjaNemec_Archive3DModels.archive_3d_models 63:Trying to copy: ${KICAD9_3DMODEL_DIR}/Resistor_SMD.3dshapes/R_0603_1608Metric.step
04-22 18:05:44 com_github_MitjaNemec_Archive3DModels.archive_3d_models 150:Remapping: ${KICAD9_3DMODEL_DIR}/Resistor_SMD.3dshapes/R_0603_1608Metric.step
04-22 18:05:44 com_github_MitjaNemec_Archive3DModels.archive_3d_models 51:Getting 3D models for footprint of: R67
04-22 18:05:44 com_github_MitjaNemec_Archive3DModels.archive_3d_models 63:Trying to copy: ${KICAD9_3DMODEL_DIR}/Resistor_SMD.3dshapes/R_0603_1608Metric.step
04-22 18:05:44 com_github_MitjaNemec_Archive3DModels.archive_3d_models 150:Remapping: ${KICAD9_3DMODEL_DIR}/Resistor_SMD.3dshapes/R_0603_1608Metric.step
04-22 18:05:44 com_github_MitjaNemec_Archive3DModels.archive_3d_models 51:Getting 3D models for footprint of: IC2
04-22 18:05:44 com_github_MitjaNemec_Archive3DModels.archive_3d_models 63:Trying to copy: D:/KiCad/9.0/share/kicad/SemacSys/SamacSys_Parts.3dshapes/TS3021ILT.stp
04-22 18:05:44 com_github_MitjaNemec_Archive3DModels.archive_3d_models 150:Remapping: D:/KiCad/9.0/share/kicad/SemacSys/SamacSys_Parts.3dshapes/TS3021ILT.stp
04-22 18:05:44 com_github_MitjaNemec_Archive3DModels.archive_3d_models 51:Getting 3D models for footprint of: R176
04-22 18:05:44 com_github_MitjaNemec_Archive3DModels.archive_3d_models 63:Trying to copy: ${KICAD9_3DMODEL_DIR}/Resistor_SMD.3dshapes/R_0603_1608Metric.step
04-22 18:05:44 com_github_MitjaNemec_Archive3DModels.archive_3d_models 150:Remapping: ${KICAD9_3DMODEL_DIR}/Resistor_SMD.3dshapes/R_0603_1608Metric.step
04-22 18:05:44 com_github_MitjaNemec_Archive3DModels.archive_3d_models 51:Getting 3D models for footprint of: R156
04-22 18:05:44 com_github_MitjaNemec_Archive3DModels.archive_3d_models 63:Trying to copy: ${KICAD9_3DMODEL_DIR}/Resistor_SMD.3dshapes/R_0603_1608Metric.step
04-22 18:05:44 com_github_MitjaNemec_Archive3DModels.archive_3d_models 150:Remapping: ${KICAD9_3DMODEL_DIR}/Resistor_SMD.3dshapes/R_0603_1608Metric.step
04-22 18:05:44 com_github_MitjaNemec_Archive3DModels.archive_3d_models 51:Getting 3D models for footprint of: D2
04-22 18:05:44 com_github_MitjaNemec_Archive3DModels.archive_3d_models 63:Trying to copy: ${KICAD9_3DMODEL_DIR}/Diode_SMD.3dshapes/D_SMF.step
04-22 18:05:44 com_github_MitjaNemec_Archive3DModels.archive_3d_models 150:Remapping: ${KICAD9_3DMODEL_DIR}/Diode_SMD.3dshapes/D_SMF.step
04-22 18:05:44 com_github_MitjaNemec_Archive3DModels.archive_3d_models 51:Getting 3D models for footprint of: D6
04-22 18:05:44 com_github_MitjaNemec_Archive3DModels.archive_3d_models 63:Trying to copy: ${KICAD9_3DMODEL_DIR}/Diode_SMD.3dshapes/D_SMF.step
04-22 18:05:44 com_github_MitjaNemec_Archive3DModels.archive_3d_models 150:Remapping: ${KICAD9_3DMODEL_DIR}/Diode_SMD.3dshapes/D_SMF.step
04-22 18:05:44 com_github_MitjaNemec_Archive3DModels.archive_3d_models 51:Getting 3D models for footprint of: R41
04-22 18:05:44 com_github_MitjaNemec_Archive3DModels.archive_3d_models 63:Trying to copy: ${KICAD9_3DMODEL_DIR}/Resistor_SMD.3dshapes/R_0603_1608Metric.step
04-22 18:05:44 com_github_MitjaNemec_Archive3DModels.archive_3d_models 150:Remapping: ${KICAD9_3DMODEL_DIR}/Resistor_SMD.3dshapes/R_0603_1608Metric.step
04-22 18:05:44 com_github_MitjaNemec_Archive3DModels.archive_3d_models 51:Getting 3D models for footprint of: R84
04-22 18:05:44 com_github_MitjaNemec_Archive3DModels.archive_3d_models 63:Trying to copy: ${KICAD9_3DMODEL_DIR}/Resistor_SMD.3dshapes/R_0603_1608Metric.step
04-22 18:05:44 com_github_MitjaNemec_Archive3DModels.archive_3d_models 150:Remapping: ${KICAD9_3DMODEL_DIR}/Resistor_SMD.3dshapes/R_0603_1608Metric.step
04-22 18:05:44 com_github_MitjaNemec_Archive3DModels.archive_3d_models 51:Getting 3D models for footprint of: R126
04-22 18:05:44 com_github_MitjaNemec_Archive3DModels.archive_3d_models 63:Trying to copy: ${KICAD9_3DMODEL_DIR}/Resistor_SMD.3dshapes/R_0603_1608Metric.step
04-22 18:05:44 com_github_MitjaNemec_Archive3DModels.archive_3d_models 150:Remapping: ${KICAD9_3DMODEL_DIR}/Resistor_SMD.3dshapes/R_0603_1608Metric.step
04-22 18:05:44 com_github_MitjaNemec_Archive3DModels.archive_3d_models 51:Getting 3D models for footprint of: C40
04-22 18:05:44 com_github_MitjaNemec_Archive3DModels.archive_3d_models 63:Trying to copy: ${KICAD9_3DMODEL_DIR}/Capacitor_SMD.3dshapes/C_0603_1608Metric.step
04-22 18:05:44 com_github_MitjaNemec_Archive3DModels.archive_3d_models 150:Remapping: ${KICAD9_3DMODEL_DIR}/Capacitor_SMD.3dshapes/C_0603_1608Metric.step
04-22 18:05:44 com_github_MitjaNemec_Archive3DModels.archive_3d_models 51:Getting 3D models for footprint of: R93
04-22 18:05:44 com_github_MitjaNemec_Archive3DModels.archive_3d_models 63:Trying to copy: ${KICAD9_3DMODEL_DIR}/Resistor_SMD.3dshapes/R_0603_1608Metric.step
04-22 18:05:44 com_github_MitjaNemec_Archive3DModels.archive_3d_models 150:Remapping: ${KICAD9_3DMODEL_DIR}/Resistor_SMD.3dshapes/R_0603_1608Metric.step
04-22 18:05:44 com_github_MitjaNemec_Archive3DModels.archive_3d_models 51:Getting 3D models for footprint of: R2
04-22 18:05:44 com_github_MitjaNemec_Archive3DModels.archive_3d_models 63:Trying to copy: ${KICAD9_3DMODEL_DIR}/Resistor_SMD.3dshapes/R_0603_1608Metric.step
04-22 18:05:44 com_github_MitjaNemec_Archive3DModels.archive_3d_models 150:Remapping: ${KICAD9_3DMODEL_DIR}/Resistor_SMD.3dshapes/R_0603_1608Metric.step
04-22 18:05:44 com_github_MitjaNemec_Archive3DModels.archive_3d_models 51:Getting 3D models for footprint of: R163
04-22 18:05:44 com_github_MitjaNemec_Archive3DModels.archive_3d_models 63:Trying to copy: ${KICAD9_3DMODEL_DIR}/Resistor_SMD.3dshapes/R_0603_1608Metric.step
04-22 18:05:44 com_github_MitjaNemec_Archive3DModels.archive_3d_models 150:Remapping: ${KICAD9_3DMODEL_DIR}/Resistor_SMD.3dshapes/R_0603_1608Metric.step
04-22 18:05:44 com_github_MitjaNemec_Archive3DModels.archive_3d_models 51:Getting 3D models for footprint of: R192
04-22 18:05:44 com_github_MitjaNemec_Archive3DModels.archive_3d_models 63:Trying to copy: ${KICAD9_3DMODEL_DIR}/Resistor_SMD.3dshapes/R_0603_1608Metric.step
04-22 18:05:44 com_github_MitjaNemec_Archive3DModels.archive_3d_models 150:Remapping: ${KICAD9_3DMODEL_DIR}/Resistor_SMD.3dshapes/R_0603_1608Metric.step
04-22 18:05:44 com_github_MitjaNemec_Archive3DModels.archive_3d_models 51:Getting 3D models for footprint of: U39
04-22 18:05:44 com_github_MitjaNemec_Archive3DModels.archive_3d_models 63:Trying to copy: ${KICAD9_3DMODEL_DIR}/Package_SO.3dshapes/SOP-4_3.8x4.1mm_P2.54mm.step
04-22 18:05:44 com_github_MitjaNemec_Archive3DModels.archive_3d_models 150:Remapping: ${KICAD9_3DMODEL_DIR}/Package_SO.3dshapes/SOP-4_3.8x4.1mm_P2.54mm.step
04-22 18:05:44 com_github_MitjaNemec_Archive3DModels.archive_3d_models 51:Getting 3D models for footprint of: R73
04-22 18:05:44 com_github_MitjaNemec_Archive3DModels.archive_3d_models 63:Trying to copy: ${KICAD9_3DMODEL_DIR}/Resistor_SMD.3dshapes/R_0603_1608Metric.step
04-22 18:05:44 com_github_MitjaNemec_Archive3DModels.archive_3d_models 150:Remapping: ${KICAD9_3DMODEL_DIR}/Resistor_SMD.3dshapes/R_0603_1608Metric.step
04-22 18:05:44 com_github_MitjaNemec_Archive3DModels.archive_3d_models 51:Getting 3D models for footprint of: R46
04-22 18:05:44 com_github_MitjaNemec_Archive3DModels.archive_3d_models 63:Trying to copy: ${KICAD9_3DMODEL_DIR}/Resistor_SMD.3dshapes/R_0603_1608Metric.step
04-22 18:05:44 com_github_MitjaNemec_Archive3DModels.archive_3d_models 150:Remapping: ${KICAD9_3DMODEL_DIR}/Resistor_SMD.3dshapes/R_0603_1608Metric.step
04-22 18:05:44 com_github_MitjaNemec_Archive3DModels.archive_3d_models 51:Getting 3D models for footprint of: C4
04-22 18:05:44 com_github_MitjaNemec_Archive3DModels.archive_3d_models 63:Trying to copy: ${KICAD9_3DMODEL_DIR}/Capacitor_SMD.3dshapes/C_0603_1608Metric.step
04-22 18:05:44 com_github_MitjaNemec_Archive3DModels.archive_3d_models 150:Remapping: ${KICAD9_3DMODEL_DIR}/Capacitor_SMD.3dshapes/C_0603_1608Metric.step
04-22 18:05:44 com_github_MitjaNemec_Archive3DModels.archive_3d_models 51:Getting 3D models for footprint of: FB24
04-22 18:05:44 com_github_MitjaNemec_Archive3DModels.archive_3d_models 63:Trying to copy: ${KICAD9_3DMODEL_DIR}/Inductor_SMD.3dshapes/L_0603_1608Metric.step
04-22 18:05:45 com_github_MitjaNemec_Archive3DModels.archive_3d_models 150:Remapping: ${KICAD9_3DMODEL_DIR}/Inductor_SMD.3dshapes/L_0603_1608Metric.step
04-22 18:05:45 com_github_MitjaNemec_Archive3DModels.archive_3d_models 51:Getting 3D models for footprint of: C29
04-22 18:05:45 com_github_MitjaNemec_Archive3DModels.archive_3d_models 63:Trying to copy: ${KICAD9_3DMODEL_DIR}/Capacitor_SMD.3dshapes/C_0603_1608Metric.step
04-22 18:05:45 com_github_MitjaNemec_Archive3DModels.archive_3d_models 150:Remapping: ${KICAD9_3DMODEL_DIR}/Capacitor_SMD.3dshapes/C_0603_1608Metric.step
04-22 18:05:45 com_github_MitjaNemec_Archive3DModels.archive_3d_models 51:Getting 3D models for footprint of: R90
04-22 18:05:45 com_github_MitjaNemec_Archive3DModels.archive_3d_models 63:Trying to copy: ${KICAD9_3DMODEL_DIR}/Resistor_SMD.3dshapes/R_0603_1608Metric.step
04-22 18:05:45 com_github_MitjaNemec_Archive3DModels.archive_3d_models 150:Remapping: ${KICAD9_3DMODEL_DIR}/Resistor_SMD.3dshapes/R_0603_1608Metric.step
04-22 18:05:45 com_github_MitjaNemec_Archive3DModels.archive_3d_models 51:Getting 3D models for footprint of: U43
04-22 18:05:45 com_github_MitjaNemec_Archive3DModels.archive_3d_models 63:Trying to copy: ${KICAD9_3DMODEL_DIR}/Package_SO.3dshapes/SOP-4_3.8x4.1mm_P2.54mm.step
04-22 18:05:45 com_github_MitjaNemec_Archive3DModels.archive_3d_models 150:Remapping: ${KICAD9_3DMODEL_DIR}/Package_SO.3dshapes/SOP-4_3.8x4.1mm_P2.54mm.step
04-22 18:05:45 com_github_MitjaNemec_Archive3DModels.archive_3d_models 51:Getting 3D models for footprint of: C48
04-22 18:05:45 com_github_MitjaNemec_Archive3DModels.archive_3d_models 63:Trying to copy: ${KICAD9_3DMODEL_DIR}/Capacitor_SMD.3dshapes/C_0603_1608Metric.step
04-22 18:05:45 com_github_MitjaNemec_Archive3DModels.archive_3d_models 150:Remapping: ${KICAD9_3DMODEL_DIR}/Capacitor_SMD.3dshapes/C_0603_1608Metric.step
04-22 18:05:45 com_github_MitjaNemec_Archive3DModels.archive_3d_models 51:Getting 3D models for footprint of: U42
04-22 18:05:45 com_github_MitjaNemec_Archive3DModels.archive_3d_models 63:Trying to copy: ${KICAD9_3DMODEL_DIR}/Package_SO.3dshapes/SOIC-16W_7.5x10.3mm_P1.27mm.step
04-22 18:05:45 com_github_MitjaNemec_Archive3DModels.archive_3d_models 150:Remapping: ${KICAD9_3DMODEL_DIR}/Package_SO.3dshapes/SOIC-16W_7.5x10.3mm_P1.27mm.step
04-22 18:05:45 com_github_MitjaNemec_Archive3DModels.archive_3d_models 51:Getting 3D models for footprint of: C55
04-22 18:05:45 com_github_MitjaNemec_Archive3DModels.archive_3d_models 63:Trying to copy: ${KICAD9_3DMODEL_DIR}/Capacitor_SMD.3dshapes/C_0603_1608Metric.step
04-22 18:05:45 com_github_MitjaNemec_Archive3DModels.archive_3d_models 150:Remapping: ${KICAD9_3DMODEL_DIR}/Capacitor_SMD.3dshapes/C_0603_1608Metric.step
04-22 18:05:45 com_github_MitjaNemec_Archive3DModels.archive_3d_models 51:Getting 3D models for footprint of: U23
04-22 18:05:45 com_github_MitjaNemec_Archive3DModels.archive_3d_models 63:Trying to copy: ${KICAD9_3DMODEL_DIR}/Package_SO.3dshapes/SOP-4_3.8x4.1mm_P2.54mm.step
04-22 18:05:45 com_github_MitjaNemec_Archive3DModels.archive_3d_models 150:Remapping: ${KICAD9_3DMODEL_DIR}/Package_SO.3dshapes/SOP-4_3.8x4.1mm_P2.54mm.step
04-22 18:05:45 com_github_MitjaNemec_Archive3DModels.archive_3d_models 51:Getting 3D models for footprint of: FB26
04-22 18:05:45 com_github_MitjaNemec_Archive3DModels.archive_3d_models 63:Trying to copy: ${KICAD9_3DMODEL_DIR}/Inductor_SMD.3dshapes/L_0603_1608Metric.step
04-22 18:05:45 com_github_MitjaNemec_Archive3DModels.archive_3d_models 150:Remapping: ${KICAD9_3DMODEL_DIR}/Inductor_SMD.3dshapes/L_0603_1608Metric.step
04-22 18:05:45 com_github_MitjaNemec_Archive3DModels.archive_3d_models 51:Getting 3D models for footprint of: R89
04-22 18:05:45 com_github_MitjaNemec_Archive3DModels.archive_3d_models 63:Trying to copy: ${KICAD9_3DMODEL_DIR}/Resistor_SMD.3dshapes/R_0603_1608Metric.step
04-22 18:05:45 com_github_MitjaNemec_Archive3DModels.archive_3d_models 150:Remapping: ${KICAD9_3DMODEL_DIR}/Resistor_SMD.3dshapes/R_0603_1608Metric.step
04-22 18:05:45 com_github_MitjaNemec_Archive3DModels.archive_3d_models 51:Getting 3D models for footprint of: U37
04-22 18:05:45 com_github_MitjaNemec_Archive3DModels.archive_3d_models 63:Trying to copy: ${KICAD9_3DMODEL_DIR}/Package_SO.3dshapes/SOP-4_3.8x4.1mm_P2.54mm.step
04-22 18:05:45 com_github_MitjaNemec_Archive3DModels.archive_3d_models 150:Remapping: ${KICAD9_3DMODEL_DIR}/Package_SO.3dshapes/SOP-4_3.8x4.1mm_P2.54mm.step
04-22 18:05:45 com_github_MitjaNemec_Archive3DModels.archive_3d_models 51:Getting 3D models for footprint of: U13
04-22 18:05:45 com_github_MitjaNemec_Archive3DModels.archive_3d_models 63:Trying to copy: ${KICAD9_3DMODEL_DIR}/Package_SO.3dshapes/SOP-4_3.8x4.1mm_P2.54mm.step
04-22 18:05:45 com_github_MitjaNemec_Archive3DModels.archive_3d_models 150:Remapping: ${KICAD9_3DMODEL_DIR}/Package_SO.3dshapes/SOP-4_3.8x4.1mm_P2.54mm.step
04-22 18:05:45 com_github_MitjaNemec_Archive3DModels.archive_3d_models 51:Getting 3D models for footprint of: U17
04-22 18:05:45 com_github_MitjaNemec_Archive3DModels.archive_3d_models 63:Trying to copy: ${KICAD9_3DMODEL_DIR}/Package_SO.3dshapes/SOIC-16W_7.5x10.3mm_P1.27mm.step
04-22 18:05:45 com_github_MitjaNemec_Archive3DModels.archive_3d_models 150:Remapping: ${KICAD9_3DMODEL_DIR}/Package_SO.3dshapes/SOIC-16W_7.5x10.3mm_P1.27mm.step
04-22 18:05:45 com_github_MitjaNemec_Archive3DModels.archive_3d_models 51:Getting 3D models for footprint of: R62
04-22 18:05:45 com_github_MitjaNemec_Archive3DModels.archive_3d_models 63:Trying to copy: ${KICAD9_3DMODEL_DIR}/Resistor_SMD.3dshapes/R_0603_1608Metric.step
04-22 18:05:45 com_github_MitjaNemec_Archive3DModels.archive_3d_models 150:Remapping: ${KICAD9_3DMODEL_DIR}/Resistor_SMD.3dshapes/R_0603_1608Metric.step
04-22 18:05:45 com_github_MitjaNemec_Archive3DModels.archive_3d_models 51:Getting 3D models for footprint of: U1
04-22 18:05:45 com_github_MitjaNemec_Archive3DModels.archive_3d_models 63:Trying to copy: ${KICAD9_3DMODEL_DIR}/Converter_DCDC.3dshapes/Converter_DCDC_Murata_CRE1xxxxxx3C_THT.step
04-22 18:05:45 com_github_MitjaNemec_Archive3DModels.archive_3d_models 150:Remapping: ${KICAD9_3DMODEL_DIR}/Converter_DCDC.3dshapes/Converter_DCDC_Murata_CRE1xxxxxx3C_THT.step
04-22 18:05:45 com_github_MitjaNemec_Archive3DModels.archive_3d_models 51:Getting 3D models for footprint of: C54
04-22 18:05:45 com_github_MitjaNemec_Archive3DModels.archive_3d_models 63:Trying to copy: ${KICAD9_3DMODEL_DIR}/Capacitor_SMD.3dshapes/C_0603_1608Metric.step
04-22 18:05:45 com_github_MitjaNemec_Archive3DModels.archive_3d_models 150:Remapping: ${KICAD9_3DMODEL_DIR}/Capacitor_SMD.3dshapes/C_0603_1608Metric.step
04-22 18:05:45 com_github_MitjaNemec_Archive3DModels.archive_3d_models 51:Getting 3D models for footprint of: D9
04-22 18:05:45 com_github_MitjaNemec_Archive3DModels.archive_3d_models 63:Trying to copy: ${KICAD9_3DMODEL_DIR}/Diode_SMD.3dshapes/D_SMF.step
04-22 18:05:45 com_github_MitjaNemec_Archive3DModels.archive_3d_models 150:Remapping: ${KICAD9_3DMODEL_DIR}/Diode_SMD.3dshapes/D_SMF.step
04-22 18:05:45 com_github_MitjaNemec_Archive3DModels.archive_3d_models 51:Getting 3D models for footprint of: FB7
04-22 18:05:45 com_github_MitjaNemec_Archive3DModels.archive_3d_models 63:Trying to copy: ${KICAD9_3DMODEL_DIR}/Inductor_SMD.3dshapes/L_0603_1608Metric.step
04-22 18:05:45 com_github_MitjaNemec_Archive3DModels.archive_3d_models 150:Remapping: ${KICAD9_3DMODEL_DIR}/Inductor_SMD.3dshapes/L_0603_1608Metric.step
04-22 18:05:45 com_github_MitjaNemec_Archive3DModels.archive_3d_models 51:Getting 3D models for footprint of: C36
04-22 18:05:45 com_github_MitjaNemec_Archive3DModels.archive_3d_models 63:Trying to copy: ${KICAD9_3DMODEL_DIR}/Capacitor_SMD.3dshapes/C_0603_1608Metric.step
04-22 18:05:45 com_github_MitjaNemec_Archive3DModels.archive_3d_models 150:Remapping: ${KICAD9_3DMODEL_DIR}/Capacitor_SMD.3dshapes/C_0603_1608Metric.step
04-22 18:05:45 com_github_MitjaNemec_Archive3DModels.archive_3d_models 51:Getting 3D models for footprint of: U15
04-22 18:05:45 com_github_MitjaNemec_Archive3DModels.archive_3d_models 63:Trying to copy: ${KICAD9_3DMODEL_DIR}/Package_TO_SOT_SMD.3dshapes/SOT-23.step
04-22 18:05:45 com_github_MitjaNemec_Archive3DModels.archive_3d_models 150:Remapping: ${KICAD9_3DMODEL_DIR}/Package_TO_SOT_SMD.3dshapes/SOT-23.step
04-22 18:05:45 com_github_MitjaNemec_Archive3DModels.archive_3d_models 51:Getting 3D models for footprint of: R17
04-22 18:05:45 com_github_MitjaNemec_Archive3DModels.archive_3d_models 63:Trying to copy: ${KICAD9_3DMODEL_DIR}/Resistor_SMD.3dshapes/R_0603_1608Metric.step
04-22 18:05:45 com_github_MitjaNemec_Archive3DModels.archive_3d_models 150:Remapping: ${KICAD9_3DMODEL_DIR}/Resistor_SMD.3dshapes/R_0603_1608Metric.step
04-22 18:05:45 com_github_MitjaNemec_Archive3DModels.archive_3d_models 51:Getting 3D models for footprint of: R108
04-22 18:05:45 com_github_MitjaNemec_Archive3DModels.archive_3d_models 63:Trying to copy: ${KICAD9_3DMODEL_DIR}/Resistor_SMD.3dshapes/R_0603_1608Metric.step
04-22 18:05:45 com_github_MitjaNemec_Archive3DModels.archive_3d_models 150:Remapping: ${KICAD9_3DMODEL_DIR}/Resistor_SMD.3dshapes/R_0603_1608Metric.step
04-22 18:05:45 com_github_MitjaNemec_Archive3DModels.archive_3d_models 51:Getting 3D models for footprint of: R166
04-22 18:05:45 com_github_MitjaNemec_Archive3DModels.archive_3d_models 63:Trying to copy: ${KICAD9_3DMODEL_DIR}/Resistor_SMD.3dshapes/R_0603_1608Metric.step
04-22 18:05:45 com_github_MitjaNemec_Archive3DModels.archive_3d_models 150:Remapping: ${KICAD9_3DMODEL_DIR}/Resistor_SMD.3dshapes/R_0603_1608Metric.step
04-22 18:05:45 com_github_MitjaNemec_Archive3DModels.archive_3d_models 51:Getting 3D models for footprint of: R172
04-22 18:05:45 com_github_MitjaNemec_Archive3DModels.archive_3d_models 63:Trying to copy: ${KICAD9_3DMODEL_DIR}/Resistor_SMD.3dshapes/R_0603_1608Metric.step
04-22 18:05:45 com_github_MitjaNemec_Archive3DModels.archive_3d_models 150:Remapping: ${KICAD9_3DMODEL_DIR}/Resistor_SMD.3dshapes/R_0603_1608Metric.step
04-22 18:05:45 com_github_MitjaNemec_Archive3DModels.archive_3d_models 51:Getting 3D models for footprint of: R119
04-22 18:05:45 com_github_MitjaNemec_Archive3DModels.archive_3d_models 63:Trying to copy: ${KICAD9_3DMODEL_DIR}/Resistor_SMD.3dshapes/R_0603_1608Metric.step
04-22 18:05:45 com_github_MitjaNemec_Archive3DModels.archive_3d_models 150:Remapping: ${KICAD9_3DMODEL_DIR}/Resistor_SMD.3dshapes/R_0603_1608Metric.step
04-22 18:05:45 com_github_MitjaNemec_Archive3DModels.archive_3d_models 51:Getting 3D models for footprint of: R40
04-22 18:05:45 com_github_MitjaNemec_Archive3DModels.archive_3d_models 63:Trying to copy: ${KICAD9_3DMODEL_DIR}/Resistor_SMD.3dshapes/R_0603_1608Metric.step
04-22 18:05:45 com_github_MitjaNemec_Archive3DModels.archive_3d_models 150:Remapping: ${KICAD9_3DMODEL_DIR}/Resistor_SMD.3dshapes/R_0603_1608Metric.step
04-22 18:05:45 com_github_MitjaNemec_Archive3DModels.archive_3d_models 51:Getting 3D models for footprint of: D3
04-22 18:05:45 com_github_MitjaNemec_Archive3DModels.archive_3d_models 63:Trying to copy: ${KICAD9_3DMODEL_DIR}/Diode_SMD.3dshapes/D_SMF.step
04-22 18:05:45 com_github_MitjaNemec_Archive3DModels.archive_3d_models 150:Remapping: ${KICAD9_3DMODEL_DIR}/Diode_SMD.3dshapes/D_SMF.step
04-22 18:05:45 com_github_MitjaNemec_Archive3DModels.archive_3d_models 51:Getting 3D models for footprint of: H2
04-22 18:05:45 com_github_MitjaNemec_Archive3DModels.archive_3d_models 51:Getting 3D models for footprint of: FB29
04-22 18:05:45 com_github_MitjaNemec_Archive3DModels.archive_3d_models 63:Trying to copy: ${KICAD9_3DMODEL_DIR}/Inductor_SMD.3dshapes/L_0603_1608Metric.step
04-22 18:05:45 com_github_MitjaNemec_Archive3DModels.archive_3d_models 150:Remapping: ${KICAD9_3DMODEL_DIR}/Inductor_SMD.3dshapes/L_0603_1608Metric.step
04-22 18:05:45 com_github_MitjaNemec_Archive3DModels.archive_3d_models 51:Getting 3D models for footprint of: C56
04-22 18:05:45 com_github_MitjaNemec_Archive3DModels.archive_3d_models 63:Trying to copy: ${KICAD9_3DMODEL_DIR}/Capacitor_SMD.3dshapes/C_0603_1608Metric.step
04-22 18:05:45 com_github_MitjaNemec_Archive3DModels.archive_3d_models 150:Remapping: ${KICAD9_3DMODEL_DIR}/Capacitor_SMD.3dshapes/C_0603_1608Metric.step
04-22 18:05:45 com_github_MitjaNemec_Archive3DModels.archive_3d_models 51:Getting 3D models for footprint of: R146
04-22 18:05:45 com_github_MitjaNemec_Archive3DModels.archive_3d_models 63:Trying to copy: ${KICAD9_3DMODEL_DIR}/Resistor_SMD.3dshapes/R_0603_1608Metric.step
04-22 18:05:45 com_github_MitjaNemec_Archive3DModels.archive_3d_models 150:Remapping: ${KICAD9_3DMODEL_DIR}/Resistor_SMD.3dshapes/R_0603_1608Metric.step
04-22 18:05:45 com_github_MitjaNemec_Archive3DModels.archive_3d_models 51:Getting 3D models for footprint of: U26
04-22 18:05:45 com_github_MitjaNemec_Archive3DModels.archive_3d_models 63:Trying to copy: ${KICAD9_3DMODEL_DIR}/Package_SO.3dshapes/SOP-4_3.8x4.1mm_P2.54mm.step
04-22 18:05:45 com_github_MitjaNemec_Archive3DModels.archive_3d_models 150:Remapping: ${KICAD9_3DMODEL_DIR}/Package_SO.3dshapes/SOP-4_3.8x4.1mm_P2.54mm.step
04-22 18:05:45 com_github_MitjaNemec_Archive3DModels.archive_3d_models 51:Getting 3D models for footprint of: C21
04-22 18:05:45 com_github_MitjaNemec_Archive3DModels.archive_3d_models 63:Trying to copy: ${KICAD9_3DMODEL_DIR}/Capacitor_SMD.3dshapes/C_0603_1608Metric.step
04-22 18:05:45 com_github_MitjaNemec_Archive3DModels.archive_3d_models 150:Remapping: ${KICAD9_3DMODEL_DIR}/Capacitor_SMD.3dshapes/C_0603_1608Metric.step
04-22 18:05:45 com_github_MitjaNemec_Archive3DModels.archive_3d_models 51:Getting 3D models for footprint of: R25
04-22 18:05:45 com_github_MitjaNemec_Archive3DModels.archive_3d_models 63:Trying to copy: ${KICAD9_3DMODEL_DIR}/Resistor_SMD.3dshapes/R_0603_1608Metric.step
04-22 18:05:45 com_github_MitjaNemec_Archive3DModels.archive_3d_models 150:Remapping: ${KICAD9_3DMODEL_DIR}/Resistor_SMD.3dshapes/R_0603_1608Metric.step
04-22 18:05:45 com_github_MitjaNemec_Archive3DModels.archive_3d_models 51:Getting 3D models for footprint of: R149
04-22 18:05:45 com_github_MitjaNemec_Archive3DModels.archive_3d_models 63:Trying to copy: ${KICAD9_3DMODEL_DIR}/Resistor_SMD.3dshapes/R_0603_1608Metric.step
04-22 18:05:45 com_github_MitjaNemec_Archive3DModels.archive_3d_models 150:Remapping: ${KICAD9_3DMODEL_DIR}/Resistor_SMD.3dshapes/R_0603_1608Metric.step
04-22 18:05:45 com_github_MitjaNemec_Archive3DModels.archive_3d_models 51:Getting 3D models for footprint of: C52
04-22 18:05:45 com_github_MitjaNemec_Archive3DModels.archive_3d_models 63:Trying to copy: ${KICAD9_3DMODEL_DIR}/Capacitor_SMD.3dshapes/C_0603_1608Metric.step
04-22 18:05:45 com_github_MitjaNemec_Archive3DModels.archive_3d_models 150:Remapping: ${KICAD9_3DMODEL_DIR}/Capacitor_SMD.3dshapes/C_0603_1608Metric.step
04-22 18:05:45 com_github_MitjaNemec_Archive3DModels.archive_3d_models 51:Getting 3D models for footprint of: R75
04-22 18:05:45 com_github_MitjaNemec_Archive3DModels.archive_3d_models 63:Trying to copy: ${KICAD9_3DMODEL_DIR}/Resistor_SMD.3dshapes/R_0603_1608Metric.step
04-22 18:05:45 com_github_MitjaNemec_Archive3DModels.archive_3d_models 150:Remapping: ${KICAD9_3DMODEL_DIR}/Resistor_SMD.3dshapes/R_0603_1608Metric.step
04-22 18:05:45 com_github_MitjaNemec_Archive3DModels.archive_3d_models 51:Getting 3D models for footprint of: C7
04-22 18:05:45 com_github_MitjaNemec_Archive3DModels.archive_3d_models 63:Trying to copy: ${KICAD9_3DMODEL_DIR}/Capacitor_SMD.3dshapes/C_0603_1608Metric.step
04-22 18:05:45 com_github_MitjaNemec_Archive3DModels.archive_3d_models 150:Remapping: ${KICAD9_3DMODEL_DIR}/Capacitor_SMD.3dshapes/C_0603_1608Metric.step
04-22 18:05:45 com_github_MitjaNemec_Archive3DModels.archive_3d_models 51:Getting 3D models for footprint of: R105
04-22 18:05:45 com_github_MitjaNemec_Archive3DModels.archive_3d_models 63:Trying to copy: ${KICAD9_3DMODEL_DIR}/Resistor_SMD.3dshapes/R_0603_1608Metric.step
04-22 18:05:45 com_github_MitjaNemec_Archive3DModels.archive_3d_models 150:Remapping: ${KICAD9_3DMODEL_DIR}/Resistor_SMD.3dshapes/R_0603_1608Metric.step
04-22 18:05:45 com_github_MitjaNemec_Archive3DModels.archive_3d_models 51:Getting 3D models for footprint of: D8
04-22 18:05:45 com_github_MitjaNemec_Archive3DModels.archive_3d_models 63:Trying to copy: ${KICAD9_3DMODEL_DIR}/Diode_SMD.3dshapes/D_SMF.step
04-22 18:05:45 com_github_MitjaNemec_Archive3DModels.archive_3d_models 150:Remapping: ${KICAD9_3DMODEL_DIR}/Diode_SMD.3dshapes/D_SMF.step
04-22 18:05:45 com_github_MitjaNemec_Archive3DModels.archive_3d_models 51:Getting 3D models for footprint of: R77
04-22 18:05:45 com_github_MitjaNemec_Archive3DModels.archive_3d_models 63:Trying to copy: ${KICAD9_3DMODEL_DIR}/Resistor_SMD.3dshapes/R_0603_1608Metric.step
04-22 18:05:45 com_github_MitjaNemec_Archive3DModels.archive_3d_models 150:Remapping: ${KICAD9_3DMODEL_DIR}/Resistor_SMD.3dshapes/R_0603_1608Metric.step
04-22 18:05:45 com_github_MitjaNemec_Archive3DModels.archive_3d_models 51:Getting 3D models for footprint of: IC5
04-22 18:05:45 com_github_MitjaNemec_Archive3DModels.archive_3d_models 63:Trying to copy: D:/KiCad/9.0/share/kicad/SemacSys/SamacSys_Parts.3dshapes/TS3021ILT.stp
04-22 18:05:45 com_github_MitjaNemec_Archive3DModels.archive_3d_models 150:Remapping: D:/KiCad/9.0/share/kicad/SemacSys/SamacSys_Parts.3dshapes/TS3021ILT.stp
04-22 18:05:45 com_github_MitjaNemec_Archive3DModels.archive_3d_models 51:Getting 3D models for footprint of: C44
04-22 18:05:45 com_github_MitjaNemec_Archive3DModels.archive_3d_models 63:Trying to copy: ${KICAD9_3DMODEL_DIR}/Capacitor_SMD.3dshapes/C_0603_1608Metric.step
04-22 18:05:45 com_github_MitjaNemec_Archive3DModels.archive_3d_models 150:Remapping: ${KICAD9_3DMODEL_DIR}/Capacitor_SMD.3dshapes/C_0603_1608Metric.step
04-22 18:05:45 com_github_MitjaNemec_Archive3DModels.archive_3d_models 51:Getting 3D models for footprint of: R44
04-22 18:05:45 com_github_MitjaNemec_Archive3DModels.archive_3d_models 63:Trying to copy: ${KICAD9_3DMODEL_DIR}/Resistor_SMD.3dshapes/R_0603_1608Metric.step
04-22 18:05:45 com_github_MitjaNemec_Archive3DModels.archive_3d_models 150:Remapping: ${KICAD9_3DMODEL_DIR}/Resistor_SMD.3dshapes/R_0603_1608Metric.step
04-22 18:05:45 com_github_MitjaNemec_Archive3DModels.archive_3d_models 51:Getting 3D models for footprint of: R35
04-22 18:05:45 com_github_MitjaNemec_Archive3DModels.archive_3d_models 63:Trying to copy: ${KICAD9_3DMODEL_DIR}/Resistor_SMD.3dshapes/R_0603_1608Metric.step
04-22 18:05:45 com_github_MitjaNemec_Archive3DModels.archive_3d_models 150:Remapping: ${KICAD9_3DMODEL_DIR}/Resistor_SMD.3dshapes/R_0603_1608Metric.step
04-22 18:05:45 com_github_MitjaNemec_Archive3DModels.archive_3d_models 51:Getting 3D models for footprint of: R60
04-22 18:05:45 com_github_MitjaNemec_Archive3DModels.archive_3d_models 63:Trying to copy: ${KICAD9_3DMODEL_DIR}/Resistor_SMD.3dshapes/R_0603_1608Metric.step
04-22 18:05:45 com_github_MitjaNemec_Archive3DModels.archive_3d_models 150:Remapping: ${KICAD9_3DMODEL_DIR}/Resistor_SMD.3dshapes/R_0603_1608Metric.step
04-22 18:05:45 com_github_MitjaNemec_Archive3DModels.archive_3d_models 51:Getting 3D models for footprint of: R107
04-22 18:05:45 com_github_MitjaNemec_Archive3DModels.archive_3d_models 63:Trying to copy: ${KICAD9_3DMODEL_DIR}/Resistor_SMD.3dshapes/R_0603_1608Metric.step
04-22 18:05:45 com_github_MitjaNemec_Archive3DModels.archive_3d_models 150:Remapping: ${KICAD9_3DMODEL_DIR}/Resistor_SMD.3dshapes/R_0603_1608Metric.step
04-22 18:05:45 com_github_MitjaNemec_Archive3DModels.archive_3d_models 51:Getting 3D models for footprint of: IC8
04-22 18:05:45 com_github_MitjaNemec_Archive3DModels.archive_3d_models 63:Trying to copy: D:/KiCad/9.0/share/kicad/SemacSys/SamacSys_Parts.3dshapes/TS3021ILT.stp
04-22 18:05:45 com_github_MitjaNemec_Archive3DModels.archive_3d_models 150:Remapping: D:/KiCad/9.0/share/kicad/SemacSys/SamacSys_Parts.3dshapes/TS3021ILT.stp
04-22 18:05:45 com_github_MitjaNemec_Archive3DModels.archive_3d_models 51:Getting 3D models for footprint of: R88
04-22 18:05:45 com_github_MitjaNemec_Archive3DModels.archive_3d_models 63:Trying to copy: ${KICAD9_3DMODEL_DIR}/Resistor_SMD.3dshapes/R_0603_1608Metric.step
04-22 18:05:45 com_github_MitjaNemec_Archive3DModels.archive_3d_models 150:Remapping: ${KICAD9_3DMODEL_DIR}/Resistor_SMD.3dshapes/R_0603_1608Metric.step
04-22 18:05:45 com_github_MitjaNemec_Archive3DModels.archive_3d_models 51:Getting 3D models for footprint of: J3
04-22 18:05:45 com_github_MitjaNemec_Archive3DModels.archive_3d_models 63:Trying to copy: ${KICAD9_3DMODEL_DIR}/Connector_Phoenix_MC.3dshapes/PhoenixContact_MC_1,5_4-G-3.5_1x04_P3.50mm_Horizontal.step
04-22 18:05:45 com_github_MitjaNemec_Archive3DModels.archive_3d_models 150:Remapping: ${KICAD9_3DMODEL_DIR}/Connector_Phoenix_MC.3dshapes/PhoenixContact_MC_1,5_4-G-3.5_1x04_P3.50mm_Horizontal.step
04-22 18:05:45 com_github_MitjaNemec_Archive3DModels.archive_3d_models 51:Getting 3D models for footprint of: U14
04-22 18:05:45 com_github_MitjaNemec_Archive3DModels.archive_3d_models 63:Trying to copy: ${KICAD9_3DMODEL_DIR}/Package_SO.3dshapes/SOP-4_3.8x4.1mm_P2.54mm.step
04-22 18:05:45 com_github_MitjaNemec_Archive3DModels.archive_3d_models 150:Remapping: ${KICAD9_3DMODEL_DIR}/Package_SO.3dshapes/SOP-4_3.8x4.1mm_P2.54mm.step
04-22 18:05:45 com_github_MitjaNemec_Archive3DModels.archive_3d_models 51:Getting 3D models for footprint of: R53
04-22 18:05:45 com_github_MitjaNemec_Archive3DModels.archive_3d_models 63:Trying to copy: ${KICAD9_3DMODEL_DIR}/Resistor_SMD.3dshapes/R_0603_1608Metric.step
04-22 18:05:45 com_github_MitjaNemec_Archive3DModels.archive_3d_models 150:Remapping: ${KICAD9_3DMODEL_DIR}/Resistor_SMD.3dshapes/R_0603_1608Metric.step
04-22 18:05:45 com_github_MitjaNemec_Archive3DModels.archive_3d_models 51:Getting 3D models for footprint of: C19
04-22 18:05:45 com_github_MitjaNemec_Archive3DModels.archive_3d_models 63:Trying to copy: ${KICAD9_3DMODEL_DIR}/Capacitor_SMD.3dshapes/C_0603_1608Metric.step
04-22 18:05:45 com_github_MitjaNemec_Archive3DModels.archive_3d_models 150:Remapping: ${KICAD9_3DMODEL_DIR}/Capacitor_SMD.3dshapes/C_0603_1608Metric.step
04-22 18:05:45 com_github_MitjaNemec_Archive3DModels.archive_3d_models 51:Getting 3D models for footprint of: R130
04-22 18:05:45 com_github_MitjaNemec_Archive3DModels.archive_3d_models 63:Trying to copy: ${KICAD9_3DMODEL_DIR}/Resistor_SMD.3dshapes/R_0603_1608Metric.step
04-22 18:05:45 com_github_MitjaNemec_Archive3DModels.archive_3d_models 150:Remapping: ${KICAD9_3DMODEL_DIR}/Resistor_SMD.3dshapes/R_0603_1608Metric.step
04-22 18:05:45 com_github_MitjaNemec_Archive3DModels.archive_3d_models 51:Getting 3D models for footprint of: C34
04-22 18:05:45 com_github_MitjaNemec_Archive3DModels.archive_3d_models 63:Trying to copy: ${KICAD9_3DMODEL_DIR}/Capacitor_SMD.3dshapes/C_1206_3216Metric.step
04-22 18:05:45 com_github_MitjaNemec_Archive3DModels.archive_3d_models 150:Remapping: ${KICAD9_3DMODEL_DIR}/Capacitor_SMD.3dshapes/C_1206_3216Metric.step
04-22 18:05:45 com_github_MitjaNemec_Archive3DModels.archive_3d_models 51:Getting 3D models for footprint of: R7
04-22 18:05:45 com_github_MitjaNemec_Archive3DModels.archive_3d_models 63:Trying to copy: ${KICAD9_3DMODEL_DIR}/Resistor_SMD.3dshapes/R_0603_1608Metric.step
04-22 18:05:45 com_github_MitjaNemec_Archive3DModels.archive_3d_models 150:Remapping: ${KICAD9_3DMODEL_DIR}/Resistor_SMD.3dshapes/R_0603_1608Metric.step
04-22 18:05:45 com_github_MitjaNemec_Archive3DModels.archive_3d_models 51:Getting 3D models for footprint of: U10
04-22 18:05:45 com_github_MitjaNemec_Archive3DModels.archive_3d_models 63:Trying to copy: ${KICAD9_3DMODEL_DIR}/Package_SO.3dshapes/SOIC-16W_7.5x10.3mm_P1.27mm.step
04-22 18:05:45 com_github_MitjaNemec_Archive3DModels.archive_3d_models 150:Remapping: ${KICAD9_3DMODEL_DIR}/Package_SO.3dshapes/SOIC-16W_7.5x10.3mm_P1.27mm.step
04-22 18:05:45 com_github_MitjaNemec_Archive3DModels.archive_3d_models 51:Getting 3D models for footprint of: C53
04-22 18:05:45 com_github_MitjaNemec_Archive3DModels.archive_3d_models 63:Trying to copy: ${KICAD9_3DMODEL_DIR}/Capacitor_SMD.3dshapes/C_0603_1608Metric.step
04-22 18:05:45 com_github_MitjaNemec_Archive3DModels.archive_3d_models 150:Remapping: ${KICAD9_3DMODEL_DIR}/Capacitor_SMD.3dshapes/C_0603_1608Metric.step
04-22 18:05:45 com_github_MitjaNemec_Archive3DModels.archive_3d_models 51:Getting 3D models for footprint of: C58
04-22 18:05:45 com_github_MitjaNemec_Archive3DModels.archive_3d_models 63:Trying to copy: ${KICAD9_3DMODEL_DIR}/Capacitor_SMD.3dshapes/C_0603_1608Metric.step
04-22 18:05:45 com_github_MitjaNemec_Archive3DModels.archive_3d_models 150:Remapping: ${KICAD9_3DMODEL_DIR}/Capacitor_SMD.3dshapes/C_0603_1608Metric.step
04-22 18:05:45 com_github_MitjaNemec_Archive3DModels.archive_3d_models 51:Getting 3D models for footprint of: R152
04-22 18:05:45 com_github_MitjaNemec_Archive3DModels.archive_3d_models 63:Trying to copy: ${KICAD9_3DMODEL_DIR}/Resistor_SMD.3dshapes/R_0603_1608Metric.step
04-22 18:05:45 com_github_MitjaNemec_Archive3DModels.archive_3d_models 150:Remapping: ${KICAD9_3DMODEL_DIR}/Resistor_SMD.3dshapes/R_0603_1608Metric.step
04-22 18:05:45 com_github_MitjaNemec_Archive3DModels.archive_3d_models 51:Getting 3D models for footprint of: R11
04-22 18:05:45 com_github_MitjaNemec_Archive3DModels.archive_3d_models 63:Trying to copy: ${KICAD9_3DMODEL_DIR}/Resistor_SMD.3dshapes/R_0603_1608Metric.step
04-22 18:05:45 com_github_MitjaNemec_Archive3DModels.archive_3d_models 150:Remapping: ${KICAD9_3DMODEL_DIR}/Resistor_SMD.3dshapes/R_0603_1608Metric.step
04-22 18:05:45 com_github_MitjaNemec_Archive3DModels.archive_3d_models 51:Getting 3D models for footprint of: R39
04-22 18:05:45 com_github_MitjaNemec_Archive3DModels.archive_3d_models 63:Trying to copy: ${KICAD9_3DMODEL_DIR}/Resistor_SMD.3dshapes/R_0603_1608Metric.step
04-22 18:05:45 com_github_MitjaNemec_Archive3DModels.archive_3d_models 150:Remapping: ${KICAD9_3DMODEL_DIR}/Resistor_SMD.3dshapes/R_0603_1608Metric.step
04-22 18:05:45 com_github_MitjaNemec_Archive3DModels.archive_3d_models 51:Getting 3D models for footprint of: R186
04-22 18:05:45 com_github_MitjaNemec_Archive3DModels.archive_3d_models 63:Trying to copy: ${KICAD9_3DMODEL_DIR}/Resistor_SMD.3dshapes/R_0603_1608Metric.step
04-22 18:05:45 com_github_MitjaNemec_Archive3DModels.archive_3d_models 150:Remapping: ${KICAD9_3DMODEL_DIR}/Resistor_SMD.3dshapes/R_0603_1608Metric.step
04-22 18:05:45 com_github_MitjaNemec_Archive3DModels.archive_3d_models 51:Getting 3D models for footprint of: C38
04-22 18:05:45 com_github_MitjaNemec_Archive3DModels.archive_3d_models 63:Trying to copy: ${KICAD9_3DMODEL_DIR}/Capacitor_SMD.3dshapes/C_0603_1608Metric.step
04-22 18:05:45 com_github_MitjaNemec_Archive3DModels.archive_3d_models 150:Remapping: ${KICAD9_3DMODEL_DIR}/Capacitor_SMD.3dshapes/C_0603_1608Metric.step
04-22 18:05:45 com_github_MitjaNemec_Archive3DModels.archive_3d_models 51:Getting 3D models for footprint of: R22
04-22 18:05:45 com_github_MitjaNemec_Archive3DModels.archive_3d_models 63:Trying to copy: ${KICAD9_3DMODEL_DIR}/Resistor_SMD.3dshapes/R_0603_1608Metric.step
04-22 18:05:45 com_github_MitjaNemec_Archive3DModels.archive_3d_models 150:Remapping: ${KICAD9_3DMODEL_DIR}/Resistor_SMD.3dshapes/R_0603_1608Metric.step
04-22 18:05:45 com_github_MitjaNemec_Archive3DModels.archive_3d_models 51:Getting 3D models for footprint of: R161
04-22 18:05:45 com_github_MitjaNemec_Archive3DModels.archive_3d_models 63:Trying to copy: ${KICAD9_3DMODEL_DIR}/Resistor_SMD.3dshapes/R_0603_1608Metric.step
04-22 18:05:45 com_github_MitjaNemec_Archive3DModels.archive_3d_models 150:Remapping: ${KICAD9_3DMODEL_DIR}/Resistor_SMD.3dshapes/R_0603_1608Metric.step
04-22 18:05:45 com_github_MitjaNemec_Archive3DModels.archive_3d_models 51:Getting 3D models for footprint of: C6
04-22 18:05:45 com_github_MitjaNemec_Archive3DModels.archive_3d_models 63:Trying to copy: ${KICAD9_3DMODEL_DIR}/Capacitor_SMD.3dshapes/C_0603_1608Metric.step
04-22 18:05:45 com_github_MitjaNemec_Archive3DModels.archive_3d_models 150:Remapping: ${KICAD9_3DMODEL_DIR}/Capacitor_SMD.3dshapes/C_0603_1608Metric.step
04-22 18:05:45 com_github_MitjaNemec_Archive3DModels.archive_3d_models 51:Getting 3D models for footprint of: R155
04-22 18:05:45 com_github_MitjaNemec_Archive3DModels.archive_3d_models 63:Trying to copy: ${KICAD9_3DMODEL_DIR}/Resistor_SMD.3dshapes/R_0603_1608Metric.step
04-22 18:05:45 com_github_MitjaNemec_Archive3DModels.archive_3d_models 150:Remapping: ${KICAD9_3DMODEL_DIR}/Resistor_SMD.3dshapes/R_0603_1608Metric.step
04-22 18:05:45 com_github_MitjaNemec_Archive3DModels.archive_3d_models 51:Getting 3D models for footprint of: R4
04-22 18:05:45 com_github_MitjaNemec_Archive3DModels.archive_3d_models 63:Trying to copy: ${KICAD9_3DMODEL_DIR}/Resistor_SMD.3dshapes/R_0603_1608Metric.step
04-22 18:05:45 com_github_MitjaNemec_Archive3DModels.archive_3d_models 150:Remapping: ${KICAD9_3DMODEL_DIR}/Resistor_SMD.3dshapes/R_0603_1608Metric.step
04-22 18:05:45 com_github_MitjaNemec_Archive3DModels.archive_3d_models 51:Getting 3D models for footprint of: U52
04-22 18:05:45 com_github_MitjaNemec_Archive3DModels.archive_3d_models 63:Trying to copy: ${KICAD9_3DMODEL_DIR}/Package_SO.3dshapes/SOP-4_3.8x4.1mm_P2.54mm.step
04-22 18:05:45 com_github_MitjaNemec_Archive3DModels.archive_3d_models 150:Remapping: ${KICAD9_3DMODEL_DIR}/Package_SO.3dshapes/SOP-4_3.8x4.1mm_P2.54mm.step
04-22 18:05:45 com_github_MitjaNemec_Archive3DModels.archive_3d_models 51:Getting 3D models for footprint of: R160
04-22 18:05:45 com_github_MitjaNemec_Archive3DModels.archive_3d_models 63:Trying to copy: ${KICAD9_3DMODEL_DIR}/Resistor_SMD.3dshapes/R_0603_1608Metric.step
04-22 18:05:45 com_github_MitjaNemec_Archive3DModels.archive_3d_models 150:Remapping: ${KICAD9_3DMODEL_DIR}/Resistor_SMD.3dshapes/R_0603_1608Metric.step
04-22 18:05:45 com_github_MitjaNemec_Archive3DModels.archive_3d_models 51:Getting 3D models for footprint of: C16
04-22 18:05:45 com_github_MitjaNemec_Archive3DModels.archive_3d_models 63:Trying to copy: ${KICAD9_3DMODEL_DIR}/Capacitor_SMD.3dshapes/C_0603_1608Metric.step
04-22 18:05:45 com_github_MitjaNemec_Archive3DModels.archive_3d_models 150:Remapping: ${KICAD9_3DMODEL_DIR}/Capacitor_SMD.3dshapes/C_0603_1608Metric.step
04-22 18:05:45 com_github_MitjaNemec_Archive3DModels.archive_3d_models 51:Getting 3D models for footprint of: R183
04-22 18:05:45 com_github_MitjaNemec_Archive3DModels.archive_3d_models 63:Trying to copy: ${KICAD9_3DMODEL_DIR}/Resistor_SMD.3dshapes/R_0603_1608Metric.step
04-22 18:05:45 com_github_MitjaNemec_Archive3DModels.archive_3d_models 150:Remapping: ${KICAD9_3DMODEL_DIR}/Resistor_SMD.3dshapes/R_0603_1608Metric.step
04-22 18:05:45 com_github_MitjaNemec_Archive3DModels.archive_3d_models 51:Getting 3D models for footprint of: C8
04-22 18:05:45 com_github_MitjaNemec_Archive3DModels.archive_3d_models 63:Trying to copy: ${KICAD9_3DMODEL_DIR}/Capacitor_SMD.3dshapes/C_0603_1608Metric.step
04-22 18:05:45 com_github_MitjaNemec_Archive3DModels.archive_3d_models 150:Remapping: ${KICAD9_3DMODEL_DIR}/Capacitor_SMD.3dshapes/C_0603_1608Metric.step
04-22 18:05:45 com_github_MitjaNemec_Archive3DModels.archive_3d_models 51:Getting 3D models for footprint of: R158
04-22 18:05:45 com_github_MitjaNemec_Archive3DModels.archive_3d_models 63:Trying to copy: ${KICAD9_3DMODEL_DIR}/Resistor_SMD.3dshapes/R_0603_1608Metric.step
04-22 18:05:45 com_github_MitjaNemec_Archive3DModels.archive_3d_models 150:Remapping: ${KICAD9_3DMODEL_DIR}/Resistor_SMD.3dshapes/R_0603_1608Metric.step
04-22 18:05:45 com_github_MitjaNemec_Archive3DModels.archive_3d_models 51:Getting 3D models for footprint of: FB15
04-22 18:05:45 com_github_MitjaNemec_Archive3DModels.archive_3d_models 63:Trying to copy: ${KICAD9_3DMODEL_DIR}/Inductor_SMD.3dshapes/L_0603_1608Metric.step
04-22 18:05:45 com_github_MitjaNemec_Archive3DModels.archive_3d_models 150:Remapping: ${KICAD9_3DMODEL_DIR}/Inductor_SMD.3dshapes/L_0603_1608Metric.step
04-22 18:05:45 com_github_MitjaNemec_Archive3DModels.archive_3d_models 51:Getting 3D models for footprint of: C18
04-22 18:05:45 com_github_MitjaNemec_Archive3DModels.archive_3d_models 63:Trying to copy: ${KICAD9_3DMODEL_DIR}/Capacitor_SMD.3dshapes/C_1206_3216Metric.step
04-22 18:05:45 com_github_MitjaNemec_Archive3DModels.archive_3d_models 150:Remapping: ${KICAD9_3DMODEL_DIR}/Capacitor_SMD.3dshapes/C_1206_3216Metric.step
04-22 18:05:45 com_github_MitjaNemec_Archive3DModels.archive_3d_models 51:Getting 3D models for footprint of: J4
04-22 18:05:45 com_github_MitjaNemec_Archive3DModels.archive_3d_models 63:Trying to copy: ${KICAD9_3DMODEL_DIR}/Connector_Phoenix_MC.3dshapes/PhoenixContact_MC_1,5_4-G-3.5_1x04_P3.50mm_Horizontal.step
04-22 18:05:45 com_github_MitjaNemec_Archive3DModels.archive_3d_models 150:Remapping: ${KICAD9_3DMODEL_DIR}/Connector_Phoenix_MC.3dshapes/PhoenixContact_MC_1,5_4-G-3.5_1x04_P3.50mm_Horizontal.step
04-22 18:05:45 com_github_MitjaNemec_Archive3DModels.archive_3d_models 51:Getting 3D models for footprint of: C23
04-22 18:05:45 com_github_MitjaNemec_Archive3DModels.archive_3d_models 63:Trying to copy: ${KICAD9_3DMODEL_DIR}/Capacitor_SMD.3dshapes/C_0603_1608Metric.step
04-22 18:05:45 com_github_MitjaNemec_Archive3DModels.archive_3d_models 150:Remapping: ${KICAD9_3DMODEL_DIR}/Capacitor_SMD.3dshapes/C_0603_1608Metric.step
04-22 18:05:45 com_github_MitjaNemec_Archive3DModels.archive_3d_models 51:Getting 3D models for footprint of: C51
04-22 18:05:45 com_github_MitjaNemec_Archive3DModels.archive_3d_models 63:Trying to copy: ${KICAD9_3DMODEL_DIR}/Capacitor_SMD.3dshapes/C_0603_1608Metric.step
04-22 18:05:45 com_github_MitjaNemec_Archive3DModels.archive_3d_models 150:Remapping: ${KICAD9_3DMODEL_DIR}/Capacitor_SMD.3dshapes/C_0603_1608Metric.step
04-22 18:05:45 com_github_MitjaNemec_Archive3DModels.archive_3d_models 51:Getting 3D models for footprint of: R121
04-22 18:05:45 com_github_MitjaNemec_Archive3DModels.archive_3d_models 63:Trying to copy: ${KICAD9_3DMODEL_DIR}/Resistor_SMD.3dshapes/R_0603_1608Metric.step
04-22 18:05:45 com_github_MitjaNemec_Archive3DModels.archive_3d_models 150:Remapping: ${KICAD9_3DMODEL_DIR}/Resistor_SMD.3dshapes/R_0603_1608Metric.step
04-22 18:05:45 com_github_MitjaNemec_Archive3DModels.archive_3d_models 51:Getting 3D models for footprint of: FB12
04-22 18:05:45 com_github_MitjaNemec_Archive3DModels.archive_3d_models 63:Trying to copy: ${KICAD9_3DMODEL_DIR}/Inductor_SMD.3dshapes/L_0603_1608Metric.step
04-22 18:05:45 com_github_MitjaNemec_Archive3DModels.archive_3d_models 150:Remapping: ${KICAD9_3DMODEL_DIR}/Inductor_SMD.3dshapes/L_0603_1608Metric.step
04-22 18:05:45 com_github_MitjaNemec_Archive3DModels.archive_3d_models 51:Getting 3D models for footprint of: D10
04-22 18:05:45 com_github_MitjaNemec_Archive3DModels.archive_3d_models 63:Trying to copy: ${KICAD9_3DMODEL_DIR}/Diode_SMD.3dshapes/D_SMF.step
04-22 18:05:45 com_github_MitjaNemec_Archive3DModels.archive_3d_models 150:Remapping: ${KICAD9_3DMODEL_DIR}/Diode_SMD.3dshapes/D_SMF.step
04-22 18:05:45 com_github_MitjaNemec_Archive3DModels.archive_3d_models 51:Getting 3D models for footprint of: R74
04-22 18:05:45 com_github_MitjaNemec_Archive3DModels.archive_3d_models 63:Trying to copy: ${KICAD9_3DMODEL_DIR}/Resistor_SMD.3dshapes/R_0603_1608Metric.step
04-22 18:05:45 com_github_MitjaNemec_Archive3DModels.archive_3d_models 150:Remapping: ${KICAD9_3DMODEL_DIR}/Resistor_SMD.3dshapes/R_0603_1608Metric.step
04-22 18:05:45 com_github_MitjaNemec_Archive3DModels.archive_3d_models 51:Getting 3D models for footprint of: R145
04-22 18:05:45 com_github_MitjaNemec_Archive3DModels.archive_3d_models 63:Trying to copy: ${KICAD9_3DMODEL_DIR}/Resistor_SMD.3dshapes/R_0603_1608Metric.step
04-22 18:05:46 com_github_MitjaNemec_Archive3DModels.archive_3d_models 150:Remapping: ${KICAD9_3DMODEL_DIR}/Resistor_SMD.3dshapes/R_0603_1608Metric.step
04-22 18:05:46 com_github_MitjaNemec_Archive3DModels.archive_3d_models 51:Getting 3D models for footprint of: R32
04-22 18:05:46 com_github_MitjaNemec_Archive3DModels.archive_3d_models 63:Trying to copy: ${KICAD9_3DMODEL_DIR}/Resistor_SMD.3dshapes/R_0603_1608Metric.step
04-22 18:05:46 com_github_MitjaNemec_Archive3DModels.archive_3d_models 150:Remapping: ${KICAD9_3DMODEL_DIR}/Resistor_SMD.3dshapes/R_0603_1608Metric.step
04-22 18:05:46 com_github_MitjaNemec_Archive3DModels.archive_3d_models 51:Getting 3D models for footprint of: R170
04-22 18:05:46 com_github_MitjaNemec_Archive3DModels.archive_3d_models 63:Trying to copy: ${KICAD9_3DMODEL_DIR}/Resistor_SMD.3dshapes/R_0603_1608Metric.step
04-22 18:05:46 com_github_MitjaNemec_Archive3DModels.archive_3d_models 150:Remapping: ${KICAD9_3DMODEL_DIR}/Resistor_SMD.3dshapes/R_0603_1608Metric.step
04-22 18:05:46 com_github_MitjaNemec_Archive3DModels.archive_3d_models 51:Getting 3D models for footprint of: U33
04-22 18:05:46 com_github_MitjaNemec_Archive3DModels.archive_3d_models 63:Trying to copy: ${KICAD9_3DMODEL_DIR}/Package_TO_SOT_SMD.3dshapes/SOT-363_SC-70-6.step
04-22 18:05:46 com_github_MitjaNemec_Archive3DModels.archive_3d_models 150:Remapping: ${KICAD9_3DMODEL_DIR}/Package_TO_SOT_SMD.3dshapes/SOT-363_SC-70-6.step
04-22 18:05:46 com_github_MitjaNemec_Archive3DModels.archive_3d_models 51:Getting 3D models for footprint of: R96
04-22 18:05:46 com_github_MitjaNemec_Archive3DModels.archive_3d_models 63:Trying to copy: ${KICAD9_3DMODEL_DIR}/Resistor_SMD.3dshapes/R_0603_1608Metric.step
04-22 18:05:46 com_github_MitjaNemec_Archive3DModels.archive_3d_models 150:Remapping: ${KICAD9_3DMODEL_DIR}/Resistor_SMD.3dshapes/R_0603_1608Metric.step
04-22 18:05:46 com_github_MitjaNemec_Archive3DModels.archive_3d_models 51:Getting 3D models for footprint of: J2
04-22 18:05:46 com_github_MitjaNemec_Archive3DModels.archive_3d_models 63:Trying to copy: ${KICAD9_3DMODEL_DIR}/Connector_Phoenix_MC.3dshapes/PhoenixContact_MC_1,5_5-G-3.5_1x05_P3.50mm_Horizontal.step
04-22 18:05:46 com_github_MitjaNemec_Archive3DModels.archive_3d_models 150:Remapping: ${KICAD9_3DMODEL_DIR}/Connector_Phoenix_MC.3dshapes/PhoenixContact_MC_1,5_5-G-3.5_1x05_P3.50mm_Horizontal.step
04-22 18:05:46 com_github_MitjaNemec_Archive3DModels.archive_3d_models 51:Getting 3D models for footprint of: D13
04-22 18:05:46 com_github_MitjaNemec_Archive3DModels.archive_3d_models 63:Trying to copy: ${KICAD9_3DMODEL_DIR}/Diode_SMD.3dshapes/D_SMF.step
04-22 18:05:46 com_github_MitjaNemec_Archive3DModels.archive_3d_models 150:Remapping: ${KICAD9_3DMODEL_DIR}/Diode_SMD.3dshapes/D_SMF.step
04-22 18:05:46 com_github_MitjaNemec_Archive3DModels.archive_3d_models 51:Getting 3D models for footprint of: R144
04-22 18:05:46 com_github_MitjaNemec_Archive3DModels.archive_3d_models 63:Trying to copy: ${KICAD9_3DMODEL_DIR}/Resistor_SMD.3dshapes/R_0603_1608Metric.step
04-22 18:05:46 com_github_MitjaNemec_Archive3DModels.archive_3d_models 150:Remapping: ${KICAD9_3DMODEL_DIR}/Resistor_SMD.3dshapes/R_0603_1608Metric.step
04-22 18:05:46 com_github_MitjaNemec_Archive3DModels.archive_3d_models 51:Getting 3D models for footprint of: FB8
04-22 18:05:46 com_github_MitjaNemec_Archive3DModels.archive_3d_models 63:Trying to copy: ${KICAD9_3DMODEL_DIR}/Inductor_SMD.3dshapes/L_0603_1608Metric.step
04-22 18:05:46 com_github_MitjaNemec_Archive3DModels.archive_3d_models 150:Remapping: ${KICAD9_3DMODEL_DIR}/Inductor_SMD.3dshapes/L_0603_1608Metric.step
04-22 18:05:46 com_github_MitjaNemec_Archive3DModels.archive_3d_models 51:Getting 3D models for footprint of: R175
04-22 18:05:46 com_github_MitjaNemec_Archive3DModels.archive_3d_models 63:Trying to copy: ${KICAD9_3DMODEL_DIR}/Resistor_SMD.3dshapes/R_0603_1608Metric.step
04-22 18:05:46 com_github_MitjaNemec_Archive3DModels.archive_3d_models 150:Remapping: ${KICAD9_3DMODEL_DIR}/Resistor_SMD.3dshapes/R_0603_1608Metric.step
04-22 18:05:46 com_github_MitjaNemec_Archive3DModels.archive_3d_models 51:Getting 3D models for footprint of: R111
04-22 18:05:46 com_github_MitjaNemec_Archive3DModels.archive_3d_models 63:Trying to copy: ${KICAD9_3DMODEL_DIR}/Resistor_SMD.3dshapes/R_0603_1608Metric.step
04-22 18:05:46 com_github_MitjaNemec_Archive3DModels.archive_3d_models 150:Remapping: ${KICAD9_3DMODEL_DIR}/Resistor_SMD.3dshapes/R_0603_1608Metric.step
04-22 18:05:46 com_github_MitjaNemec_Archive3DModels.archive_3d_models 51:Getting 3D models for footprint of: R6
04-22 18:05:46 com_github_MitjaNemec_Archive3DModels.archive_3d_models 63:Trying to copy: ${KICAD9_3DMODEL_DIR}/Resistor_SMD.3dshapes/R_0603_1608Metric.step
04-22 18:05:46 com_github_MitjaNemec_Archive3DModels.archive_3d_models 150:Remapping: ${KICAD9_3DMODEL_DIR}/Resistor_SMD.3dshapes/R_0603_1608Metric.step
04-22 18:05:46 com_github_MitjaNemec_Archive3DModels.archive_3d_models 51:Getting 3D models for footprint of: C35
04-22 18:05:46 com_github_MitjaNemec_Archive3DModels.archive_3d_models 63:Trying to copy: ${KICAD9_3DMODEL_DIR}/Capacitor_SMD.3dshapes/C_0603_1608Metric.step
04-22 18:05:46 com_github_MitjaNemec_Archive3DModels.archive_3d_models 150:Remapping: ${KICAD9_3DMODEL_DIR}/Capacitor_SMD.3dshapes/C_0603_1608Metric.step
04-22 18:05:46 com_github_MitjaNemec_Archive3DModels.archive_3d_models 51:Getting 3D models for footprint of: U34
04-22 18:05:46 com_github_MitjaNemec_Archive3DModels.archive_3d_models 63:Trying to copy: ${KICAD9_3DMODEL_DIR}/Package_SO.3dshapes/SOIC-16W_7.5x10.3mm_P1.27mm.step
04-22 18:05:46 com_github_MitjaNemec_Archive3DModels.archive_3d_models 150:Remapping: ${KICAD9_3DMODEL_DIR}/Package_SO.3dshapes/SOIC-16W_7.5x10.3mm_P1.27mm.step
04-22 18:05:46 com_github_MitjaNemec_Archive3DModels.archive_3d_models 51:Getting 3D models for footprint of: R87
04-22 18:05:46 com_github_MitjaNemec_Archive3DModels.archive_3d_models 63:Trying to copy: ${KICAD9_3DMODEL_DIR}/Resistor_SMD.3dshapes/R_0603_1608Metric.step
04-22 18:05:46 com_github_MitjaNemec_Archive3DModels.archive_3d_models 150:Remapping: ${KICAD9_3DMODEL_DIR}/Resistor_SMD.3dshapes/R_0603_1608Metric.step
04-22 18:05:46 com_github_MitjaNemec_Archive3DModels.archive_3d_models 51:Getting 3D models for footprint of: R24
04-22 18:05:46 com_github_MitjaNemec_Archive3DModels.archive_3d_models 63:Trying to copy: ${KICAD9_3DMODEL_DIR}/Resistor_SMD.3dshapes/R_0603_1608Metric.step
04-22 18:05:46 com_github_MitjaNemec_Archive3DModels.archive_3d_models 150:Remapping: ${KICAD9_3DMODEL_DIR}/Resistor_SMD.3dshapes/R_0603_1608Metric.step
04-22 18:05:46 com_github_MitjaNemec_Archive3DModels.archive_3d_models 51:Getting 3D models for footprint of: C15
04-22 18:05:46 com_github_MitjaNemec_Archive3DModels.archive_3d_models 63:Trying to copy: ${KICAD9_3DMODEL_DIR}/Capacitor_SMD.3dshapes/C_0603_1608Metric.step
04-22 18:05:46 com_github_MitjaNemec_Archive3DModels.archive_3d_models 150:Remapping: ${KICAD9_3DMODEL_DIR}/Capacitor_SMD.3dshapes/C_0603_1608Metric.step
04-22 18:05:46 com_github_MitjaNemec_Archive3DModels.archive_3d_models 51:Getting 3D models for footprint of: U46
04-22 18:05:46 com_github_MitjaNemec_Archive3DModels.archive_3d_models 63:Trying to copy: ${KICAD9_3DMODEL_DIR}/Package_TO_SOT_SMD.3dshapes/SOT-23.step
04-22 18:05:46 com_github_MitjaNemec_Archive3DModels.archive_3d_models 150:Remapping: ${KICAD9_3DMODEL_DIR}/Package_TO_SOT_SMD.3dshapes/SOT-23.step
04-22 18:05:46 com_github_MitjaNemec_Archive3DModels.archive_3d_models 51:Getting 3D models for footprint of: R13
04-22 18:05:46 com_github_MitjaNemec_Archive3DModels.archive_3d_models 63:Trying to copy: ${KICAD9_3DMODEL_DIR}/Resistor_SMD.3dshapes/R_0603_1608Metric.step
04-22 18:05:46 com_github_MitjaNemec_Archive3DModels.archive_3d_models 150:Remapping: ${KICAD9_3DMODEL_DIR}/Resistor_SMD.3dshapes/R_0603_1608Metric.step
04-22 18:05:46 com_github_MitjaNemec_Archive3DModels.archive_3d_models 51:Getting 3D models for footprint of: R178
04-22 18:05:46 com_github_MitjaNemec_Archive3DModels.archive_3d_models 63:Trying to copy: ${KICAD9_3DMODEL_DIR}/Resistor_SMD.3dshapes/R_0603_1608Metric.step
04-22 18:05:46 com_github_MitjaNemec_Archive3DModels.archive_3d_models 150:Remapping: ${KICAD9_3DMODEL_DIR}/Resistor_SMD.3dshapes/R_0603_1608Metric.step
04-22 18:05:46 com_github_MitjaNemec_Archive3DModels.archive_3d_models 51:Getting 3D models for footprint of: U57
04-22 18:05:46 com_github_MitjaNemec_Archive3DModels.archive_3d_models 63:Trying to copy: ${KICAD9_3DMODEL_DIR}/Package_SO.3dshapes/SOP-4_3.8x4.1mm_P2.54mm.step
04-22 18:05:46 com_github_MitjaNemec_Archive3DModels.archive_3d_models 150:Remapping: ${KICAD9_3DMODEL_DIR}/Package_SO.3dshapes/SOP-4_3.8x4.1mm_P2.54mm.step
04-22 18:05:46 com_github_MitjaNemec_Archive3DModels.archive_3d_models 51:Getting 3D models for footprint of: R51
04-22 18:05:46 com_github_MitjaNemec_Archive3DModels.archive_3d_models 63:Trying to copy: ${KICAD9_3DMODEL_DIR}/Resistor_SMD.3dshapes/R_0603_1608Metric.step
04-22 18:05:46 com_github_MitjaNemec_Archive3DModels.archive_3d_models 150:Remapping: ${KICAD9_3DMODEL_DIR}/Resistor_SMD.3dshapes/R_0603_1608Metric.step
04-22 18:05:46 com_github_MitjaNemec_Archive3DModels.archive_3d_models 51:Getting 3D models for footprint of: C17
04-22 18:05:46 com_github_MitjaNemec_Archive3DModels.archive_3d_models 63:Trying to copy: ${KICAD9_3DMODEL_DIR}/Capacitor_SMD.3dshapes/C_0603_1608Metric.step
04-22 18:05:46 com_github_MitjaNemec_Archive3DModels.archive_3d_models 150:Remapping: ${KICAD9_3DMODEL_DIR}/Capacitor_SMD.3dshapes/C_0603_1608Metric.step
04-22 18:05:46 com_github_MitjaNemec_Archive3DModels.archive_3d_models 51:Getting 3D models for footprint of: R63
04-22 18:05:46 com_github_MitjaNemec_Archive3DModels.archive_3d_models 63:Trying to copy: ${KICAD9_3DMODEL_DIR}/Resistor_SMD.3dshapes/R_0603_1608Metric.step
04-22 18:05:46 com_github_MitjaNemec_Archive3DModels.archive_3d_models 150:Remapping: ${KICAD9_3DMODEL_DIR}/Resistor_SMD.3dshapes/R_0603_1608Metric.step
04-22 18:05:46 com_github_MitjaNemec_Archive3DModels.archive_3d_models 51:Getting 3D models for footprint of: R169
04-22 18:05:46 com_github_MitjaNemec_Archive3DModels.archive_3d_models 63:Trying to copy: ${KICAD9_3DMODEL_DIR}/Resistor_SMD.3dshapes/R_0603_1608Metric.step
04-22 18:05:46 com_github_MitjaNemec_Archive3DModels.archive_3d_models 150:Remapping: ${KICAD9_3DMODEL_DIR}/Resistor_SMD.3dshapes/R_0603_1608Metric.step
04-22 18:05:46 com_github_MitjaNemec_Archive3DModels.archive_3d_models 51:Getting 3D models for footprint of: U5
04-22 18:05:46 com_github_MitjaNemec_Archive3DModels.archive_3d_models 63:Trying to copy: ${KICAD9_3DMODEL_DIR}/Package_SO.3dshapes/SOP-4_3.8x4.1mm_P2.54mm.step
04-22 18:05:46 com_github_MitjaNemec_Archive3DModels.archive_3d_models 150:Remapping: ${KICAD9_3DMODEL_DIR}/Package_SO.3dshapes/SOP-4_3.8x4.1mm_P2.54mm.step
04-22 18:05:46 com_github_MitjaNemec_Archive3DModels.archive_3d_models 51:Getting 3D models for footprint of: R125
04-22 18:05:46 com_github_MitjaNemec_Archive3DModels.archive_3d_models 63:Trying to copy: ${KICAD9_3DMODEL_DIR}/Resistor_SMD.3dshapes/R_0603_1608Metric.step
04-22 18:05:46 com_github_MitjaNemec_Archive3DModels.archive_3d_models 150:Remapping: ${KICAD9_3DMODEL_DIR}/Resistor_SMD.3dshapes/R_0603_1608Metric.step
04-22 18:05:46 com_github_MitjaNemec_Archive3DModels.archive_3d_models 51:Getting 3D models for footprint of: IC12
04-22 18:05:46 com_github_MitjaNemec_Archive3DModels.archive_3d_models 63:Trying to copy: D:/KiCad/9.0/share/kicad/SemacSys/SamacSys_Parts.3dshapes/TS3021ILT.stp
04-22 18:05:46 com_github_MitjaNemec_Archive3DModels.archive_3d_models 150:Remapping: D:/KiCad/9.0/share/kicad/SemacSys/SamacSys_Parts.3dshapes/TS3021ILT.stp
04-22 18:05:46 com_github_MitjaNemec_Archive3DModels.archive_3d_models 51:Getting 3D models for footprint of: U50
04-22 18:05:46 com_github_MitjaNemec_Archive3DModels.archive_3d_models 63:Trying to copy: ${KICAD9_3DMODEL_DIR}/Package_SO.3dshapes/SOP-4_3.8x4.1mm_P2.54mm.step
04-22 18:05:46 com_github_MitjaNemec_Archive3DModels.archive_3d_models 150:Remapping: ${KICAD9_3DMODEL_DIR}/Package_SO.3dshapes/SOP-4_3.8x4.1mm_P2.54mm.step
04-22 18:05:46 com_github_MitjaNemec_Archive3DModels.archive_3d_models 51:Getting 3D models for footprint of: R5
04-22 18:05:46 com_github_MitjaNemec_Archive3DModels.archive_3d_models 63:Trying to copy: ${KICAD9_3DMODEL_DIR}/Resistor_SMD.3dshapes/R_0603_1608Metric.step
04-22 18:05:46 com_github_MitjaNemec_Archive3DModels.archive_3d_models 150:Remapping: ${KICAD9_3DMODEL_DIR}/Resistor_SMD.3dshapes/R_0603_1608Metric.step
04-22 18:05:46 com_github_MitjaNemec_Archive3DModels.archive_3d_models 51:Getting 3D models for footprint of: R129
04-22 18:05:46 com_github_MitjaNemec_Archive3DModels.archive_3d_models 63:Trying to copy: ${KICAD9_3DMODEL_DIR}/Resistor_SMD.3dshapes/R_0603_1608Metric.step
04-22 18:05:46 com_github_MitjaNemec_Archive3DModels.archive_3d_models 150:Remapping: ${KICAD9_3DMODEL_DIR}/Resistor_SMD.3dshapes/R_0603_1608Metric.step
04-22 18:05:46 com_github_MitjaNemec_Archive3DModels.archive_3d_models 51:Getting 3D models for footprint of: U51
04-22 18:05:46 com_github_MitjaNemec_Archive3DModels.archive_3d_models 63:Trying to copy: ${KICAD9_3DMODEL_DIR}/Package_SO.3dshapes/SOP-4_3.8x4.1mm_P2.54mm.step
04-22 18:05:46 com_github_MitjaNemec_Archive3DModels.archive_3d_models 150:Remapping: ${KICAD9_3DMODEL_DIR}/Package_SO.3dshapes/SOP-4_3.8x4.1mm_P2.54mm.step
04-22 18:05:46 com_github_MitjaNemec_Archive3DModels.archive_3d_models 51:Getting 3D models for footprint of: FB11
04-22 18:05:46 com_github_MitjaNemec_Archive3DModels.archive_3d_models 63:Trying to copy: ${KICAD9_3DMODEL_DIR}/Inductor_SMD.3dshapes/L_0603_1608Metric.step
04-22 18:05:46 com_github_MitjaNemec_Archive3DModels.archive_3d_models 150:Remapping: ${KICAD9_3DMODEL_DIR}/Inductor_SMD.3dshapes/L_0603_1608Metric.step
04-22 18:05:46 com_github_MitjaNemec_Archive3DModels.archive_3d_models 51:Getting 3D models for footprint of: R54
04-22 18:05:46 com_github_MitjaNemec_Archive3DModels.archive_3d_models 63:Trying to copy: ${KICAD9_3DMODEL_DIR}/Resistor_SMD.3dshapes/R_0603_1608Metric.step
04-22 18:05:46 com_github_MitjaNemec_Archive3DModels.archive_3d_models 150:Remapping: ${KICAD9_3DMODEL_DIR}/Resistor_SMD.3dshapes/R_0603_1608Metric.step
04-22 18:05:46 com_github_MitjaNemec_Archive3DModels.archive_3d_models 51:Getting 3D models for footprint of: R71
04-22 18:05:46 com_github_MitjaNemec_Archive3DModels.archive_3d_models 63:Trying to copy: ${KICAD9_3DMODEL_DIR}/Resistor_SMD.3dshapes/R_0603_1608Metric.step
04-22 18:05:46 com_github_MitjaNemec_Archive3DModels.archive_3d_models 150:Remapping: ${KICAD9_3DMODEL_DIR}/Resistor_SMD.3dshapes/R_0603_1608Metric.step
04-22 18:05:46 com_github_MitjaNemec_Archive3DModels.archive_3d_models 51:Getting 3D models for footprint of: U8
04-22 18:05:46 com_github_MitjaNemec_Archive3DModels.archive_3d_models 63:Trying to copy: ${KICAD9_3DMODEL_DIR}/Package_SO.3dshapes/SOP-4_3.8x4.1mm_P2.54mm.step
04-22 18:05:46 com_github_MitjaNemec_Archive3DModels.archive_3d_models 150:Remapping: ${KICAD9_3DMODEL_DIR}/Package_SO.3dshapes/SOP-4_3.8x4.1mm_P2.54mm.step
04-22 18:05:46 com_github_MitjaNemec_Archive3DModels.archive_3d_models 51:Getting 3D models for footprint of: U22
04-22 18:05:46 com_github_MitjaNemec_Archive3DModels.archive_3d_models 63:Trying to copy: ${KICAD9_3DMODEL_DIR}/Package_SO.3dshapes/SOP-4_3.8x4.1mm_P2.54mm.step
04-22 18:05:46 com_github_MitjaNemec_Archive3DModels.archive_3d_models 150:Remapping: ${KICAD9_3DMODEL_DIR}/Package_SO.3dshapes/SOP-4_3.8x4.1mm_P2.54mm.step
04-22 18:05:46 com_github_MitjaNemec_Archive3DModels.archive_3d_models 51:Getting 3D models for footprint of: R37
04-22 18:05:46 com_github_MitjaNemec_Archive3DModels.archive_3d_models 63:Trying to copy: ${KICAD9_3DMODEL_DIR}/Resistor_SMD.3dshapes/R_0603_1608Metric.step
04-22 18:05:46 com_github_MitjaNemec_Archive3DModels.archive_3d_models 150:Remapping: ${KICAD9_3DMODEL_DIR}/Resistor_SMD.3dshapes/R_0603_1608Metric.step
04-22 18:05:46 com_github_MitjaNemec_Archive3DModels.archive_3d_models 51:Getting 3D models for footprint of: U25
04-22 18:05:46 com_github_MitjaNemec_Archive3DModels.archive_3d_models 63:Trying to copy: ${KICAD9_3DMODEL_DIR}/Package_SO.3dshapes/SOP-4_3.8x4.1mm_P2.54mm.step
04-22 18:05:46 com_github_MitjaNemec_Archive3DModels.archive_3d_models 150:Remapping: ${KICAD9_3DMODEL_DIR}/Package_SO.3dshapes/SOP-4_3.8x4.1mm_P2.54mm.step
04-22 18:05:46 com_github_MitjaNemec_Archive3DModels.archive_3d_models 51:Getting 3D models for footprint of: R48
04-22 18:05:46 com_github_MitjaNemec_Archive3DModels.archive_3d_models 63:Trying to copy: ${KICAD9_3DMODEL_DIR}/Resistor_SMD.3dshapes/R_0603_1608Metric.step
04-22 18:05:46 com_github_MitjaNemec_Archive3DModels.archive_3d_models 150:Remapping: ${KICAD9_3DMODEL_DIR}/Resistor_SMD.3dshapes/R_0603_1608Metric.step
04-22 18:05:46 com_github_MitjaNemec_Archive3DModels.archive_3d_models 51:Getting 3D models for footprint of: FB17
04-22 18:05:46 com_github_MitjaNemec_Archive3DModels.archive_3d_models 63:Trying to copy: ${KICAD9_3DMODEL_DIR}/Inductor_SMD.3dshapes/L_0603_1608Metric.step
04-22 18:05:46 com_github_MitjaNemec_Archive3DModels.archive_3d_models 150:Remapping: ${KICAD9_3DMODEL_DIR}/Inductor_SMD.3dshapes/L_0603_1608Metric.step
04-22 18:05:46 com_github_MitjaNemec_Archive3DModels.archive_3d_models 51:Getting 3D models for footprint of: R106
04-22 18:05:46 com_github_MitjaNemec_Archive3DModels.archive_3d_models 63:Trying to copy: ${KICAD9_3DMODEL_DIR}/Resistor_SMD.3dshapes/R_0603_1608Metric.step
04-22 18:05:46 com_github_MitjaNemec_Archive3DModels.archive_3d_models 150:Remapping: ${KICAD9_3DMODEL_DIR}/Resistor_SMD.3dshapes/R_0603_1608Metric.step
04-22 18:05:46 com_github_MitjaNemec_Archive3DModels.archive_3d_models 51:Getting 3D models for footprint of: R76
04-22 18:05:46 com_github_MitjaNemec_Archive3DModels.archive_3d_models 63:Trying to copy: ${KICAD9_3DMODEL_DIR}/Resistor_SMD.3dshapes/R_0603_1608Metric.step
04-22 18:05:46 com_github_MitjaNemec_Archive3DModels.archive_3d_models 150:Remapping: ${KICAD9_3DMODEL_DIR}/Resistor_SMD.3dshapes/R_0603_1608Metric.step
04-22 18:05:46 com_github_MitjaNemec_Archive3DModels.archive_3d_models 51:Getting 3D models for footprint of: FB23
04-22 18:05:46 com_github_MitjaNemec_Archive3DModels.archive_3d_models 63:Trying to copy: ${KICAD9_3DMODEL_DIR}/Inductor_SMD.3dshapes/L_0603_1608Metric.step
04-22 18:05:46 com_github_MitjaNemec_Archive3DModels.archive_3d_models 150:Remapping: ${KICAD9_3DMODEL_DIR}/Inductor_SMD.3dshapes/L_0603_1608Metric.step
04-22 18:05:46 com_github_MitjaNemec_Archive3DModels.archive_3d_models 51:Getting 3D models for footprint of: R78
04-22 18:05:46 com_github_MitjaNemec_Archive3DModels.archive_3d_models 63:Trying to copy: ${KICAD9_3DMODEL_DIR}/Resistor_SMD.3dshapes/R_0603_1608Metric.step
04-22 18:05:46 com_github_MitjaNemec_Archive3DModels.archive_3d_models 150:Remapping: ${KICAD9_3DMODEL_DIR}/Resistor_SMD.3dshapes/R_0603_1608Metric.step
04-22 18:05:46 com_github_MitjaNemec_Archive3DModels.archive_3d_models 51:Getting 3D models for footprint of: U2
04-22 18:05:46 com_github_MitjaNemec_Archive3DModels.archive_3d_models 63:Trying to copy: ${KICAD9_3DMODEL_DIR}/Package_SO.3dshapes/SOP-4_3.8x4.1mm_P2.54mm.step
04-22 18:05:46 com_github_MitjaNemec_Archive3DModels.archive_3d_models 150:Remapping: ${KICAD9_3DMODEL_DIR}/Package_SO.3dshapes/SOP-4_3.8x4.1mm_P2.54mm.step
04-22 18:05:46 com_github_MitjaNemec_Archive3DModels.archive_3d_models 51:Getting 3D models for footprint of: U31
04-22 18:05:46 com_github_MitjaNemec_Archive3DModels.archive_3d_models 63:Trying to copy: ${KICAD9_3DMODEL_DIR}/Package_SO.3dshapes/SOP-4_3.8x4.1mm_P2.54mm.step
04-22 18:05:46 com_github_MitjaNemec_Archive3DModels.archive_3d_models 150:Remapping: ${KICAD9_3DMODEL_DIR}/Package_SO.3dshapes/SOP-4_3.8x4.1mm_P2.54mm.step
04-22 18:05:46 com_github_MitjaNemec_Archive3DModels.archive_3d_models 51:Getting 3D models for footprint of: C3
04-22 18:05:46 com_github_MitjaNemec_Archive3DModels.archive_3d_models 63:Trying to copy: ${KICAD9_3DMODEL_DIR}/Capacitor_SMD.3dshapes/C_0603_1608Metric.step
04-22 18:05:46 com_github_MitjaNemec_Archive3DModels.archive_3d_models 150:Remapping: ${KICAD9_3DMODEL_DIR}/Capacitor_SMD.3dshapes/C_0603_1608Metric.step
04-22 18:05:46 com_github_MitjaNemec_Archive3DModels.archive_3d_models 51:Getting 3D models for footprint of: C5
04-22 18:05:46 com_github_MitjaNemec_Archive3DModels.archive_3d_models 63:Trying to copy: ${KICAD9_3DMODEL_DIR}/Capacitor_SMD.3dshapes/C_0603_1608Metric.step
04-22 18:05:46 com_github_MitjaNemec_Archive3DModels.archive_3d_models 150:Remapping: ${KICAD9_3DMODEL_DIR}/Capacitor_SMD.3dshapes/C_0603_1608Metric.step
04-22 18:05:46 com_github_MitjaNemec_Archive3DModels.archive_3d_models 51:Getting 3D models for footprint of: R81
04-22 18:05:46 com_github_MitjaNemec_Archive3DModels.archive_3d_models 63:Trying to copy: ${KICAD9_3DMODEL_DIR}/Resistor_SMD.3dshapes/R_0603_1608Metric.step
04-22 18:05:46 com_github_MitjaNemec_Archive3DModels.archive_3d_models 150:Remapping: ${KICAD9_3DMODEL_DIR}/Resistor_SMD.3dshapes/R_0603_1608Metric.step
04-22 18:05:46 com_github_MitjaNemec_Archive3DModels.archive_3d_models 51:Getting 3D models for footprint of: R137
04-22 18:05:46 com_github_MitjaNemec_Archive3DModels.archive_3d_models 63:Trying to copy: ${KICAD9_3DMODEL_DIR}/Resistor_SMD.3dshapes/R_0603_1608Metric.step
04-22 18:05:46 com_github_MitjaNemec_Archive3DModels.archive_3d_models 150:Remapping: ${KICAD9_3DMODEL_DIR}/Resistor_SMD.3dshapes/R_0603_1608Metric.step
04-22 18:05:46 com_github_MitjaNemec_Archive3DModels.archive_3d_models 51:Getting 3D models for footprint of: R179
04-22 18:05:46 com_github_MitjaNemec_Archive3DModels.archive_3d_models 63:Trying to copy: ${KICAD9_3DMODEL_DIR}/Resistor_SMD.3dshapes/R_0603_1608Metric.step
04-22 18:05:46 com_github_MitjaNemec_Archive3DModels.archive_3d_models 150:Remapping: ${KICAD9_3DMODEL_DIR}/Resistor_SMD.3dshapes/R_0603_1608Metric.step
04-22 18:05:46 com_github_MitjaNemec_Archive3DModels.archive_3d_models 51:Getting 3D models for footprint of: C46
04-22 18:05:46 com_github_MitjaNemec_Archive3DModels.archive_3d_models 63:Trying to copy: ${KICAD9_3DMODEL_DIR}/Capacitor_SMD.3dshapes/C_0603_1608Metric.step
04-22 18:05:46 com_github_MitjaNemec_Archive3DModels.archive_3d_models 150:Remapping: ${KICAD9_3DMODEL_DIR}/Capacitor_SMD.3dshapes/C_0603_1608Metric.step
04-22 18:05:46 com_github_MitjaNemec_Archive3DModels.archive_3d_models 51:Getting 3D models for footprint of: R80
04-22 18:05:46 com_github_MitjaNemec_Archive3DModels.archive_3d_models 63:Trying to copy: ${KICAD9_3DMODEL_DIR}/Resistor_SMD.3dshapes/R_0603_1608Metric.step
04-22 18:05:46 com_github_MitjaNemec_Archive3DModels.archive_3d_models 150:Remapping: ${KICAD9_3DMODEL_DIR}/Resistor_SMD.3dshapes/R_0603_1608Metric.step
04-22 18:05:46 com_github_MitjaNemec_Archive3DModels.archive_3d_models 51:Getting 3D models for footprint of: IC10
04-22 18:05:46 com_github_MitjaNemec_Archive3DModels.archive_3d_models 63:Trying to copy: D:/KiCad/9.0/share/kicad/SemacSys/SamacSys_Parts.3dshapes/TS3021ILT.stp
04-22 18:05:46 com_github_MitjaNemec_Archive3DModels.archive_3d_models 150:Remapping: D:/KiCad/9.0/share/kicad/SemacSys/SamacSys_Parts.3dshapes/TS3021ILT.stp
04-22 18:05:46 com_github_MitjaNemec_Archive3DModels.archive_3d_models 51:Getting 3D models for footprint of: C33
04-22 18:05:46 com_github_MitjaNemec_Archive3DModels.archive_3d_models 63:Trying to copy: ${KICAD9_3DMODEL_DIR}/Capacitor_SMD.3dshapes/C_0603_1608Metric.step
04-22 18:05:46 com_github_MitjaNemec_Archive3DModels.archive_3d_models 150:Remapping: ${KICAD9_3DMODEL_DIR}/Capacitor_SMD.3dshapes/C_0603_1608Metric.step
04-22 18:05:46 com_github_MitjaNemec_Archive3DModels.archive_3d_models 51:Getting 3D models for footprint of: R33
04-22 18:05:46 com_github_MitjaNemec_Archive3DModels.archive_3d_models 63:Trying to copy: ${KICAD9_3DMODEL_DIR}/Resistor_SMD.3dshapes/R_0603_1608Metric.step
04-22 18:05:46 com_github_MitjaNemec_Archive3DModels.archive_3d_models 150:Remapping: ${KICAD9_3DMODEL_DIR}/Resistor_SMD.3dshapes/R_0603_1608Metric.step
04-22 18:05:46 com_github_MitjaNemec_Archive3DModels.archive_3d_models 51:Getting 3D models for footprint of: U58
04-22 18:05:46 com_github_MitjaNemec_Archive3DModels.archive_3d_models 63:Trying to copy: ${KICAD9_3DMODEL_DIR}/Package_SO.3dshapes/SOP-4_3.8x4.1mm_P2.54mm.step
04-22 18:05:46 com_github_MitjaNemec_Archive3DModels.archive_3d_models 150:Remapping: ${KICAD9_3DMODEL_DIR}/Package_SO.3dshapes/SOP-4_3.8x4.1mm_P2.54mm.step
04-22 18:05:46 com_github_MitjaNemec_Archive3DModels.archive_3d_models 51:Getting 3D models for footprint of: C26
04-22 18:05:46 com_github_MitjaNemec_Archive3DModels.archive_3d_models 63:Trying to copy: ${KICAD9_3DMODEL_DIR}/Capacitor_SMD.3dshapes/C_0603_1608Metric.step
04-22 18:05:46 com_github_MitjaNemec_Archive3DModels.archive_3d_models 150:Remapping: ${KICAD9_3DMODEL_DIR}/Capacitor_SMD.3dshapes/C_0603_1608Metric.step
04-22 18:05:46 com_github_MitjaNemec_Archive3DModels.archive_3d_models 51:Getting 3D models for footprint of: C28
04-22 18:05:46 com_github_MitjaNemec_Archive3DModels.archive_3d_models 63:Trying to copy: ${KICAD9_3DMODEL_DIR}/Capacitor_SMD.3dshapes/C_0603_1608Metric.step
04-22 18:05:46 com_github_MitjaNemec_Archive3DModels.archive_3d_models 150:Remapping: ${KICAD9_3DMODEL_DIR}/Capacitor_SMD.3dshapes/C_0603_1608Metric.step
04-22 18:05:46 com_github_MitjaNemec_Archive3DModels.archive_3d_models 51:Getting 3D models for footprint of: R177
04-22 18:05:46 com_github_MitjaNemec_Archive3DModels.archive_3d_models 63:Trying to copy: ${KICAD9_3DMODEL_DIR}/Resistor_SMD.3dshapes/R_0603_1608Metric.step
04-22 18:05:46 com_github_MitjaNemec_Archive3DModels.archive_3d_models 150:Remapping: ${KICAD9_3DMODEL_DIR}/Resistor_SMD.3dshapes/R_0603_1608Metric.step
04-22 18:05:46 com_github_MitjaNemec_Archive3DModels.archive_3d_models 51:Getting 3D models for footprint of: C1
04-22 18:05:46 com_github_MitjaNemec_Archive3DModels.archive_3d_models 63:Trying to copy: ${KICAD9_3DMODEL_DIR}/Capacitor_SMD.3dshapes/C_0603_1608Metric.step
04-22 18:05:46 com_github_MitjaNemec_Archive3DModels.archive_3d_models 150:Remapping: ${KICAD9_3DMODEL_DIR}/Capacitor_SMD.3dshapes/C_0603_1608Metric.step
04-22 18:05:46 com_github_MitjaNemec_Archive3DModels.archive_3d_models 51:Getting 3D models for footprint of: R120
04-22 18:05:46 com_github_MitjaNemec_Archive3DModels.archive_3d_models 63:Trying to copy: ${KICAD9_3DMODEL_DIR}/Resistor_SMD.3dshapes/R_0603_1608Metric.step
04-22 18:05:46 com_github_MitjaNemec_Archive3DModels.archive_3d_models 150:Remapping: ${KICAD9_3DMODEL_DIR}/Resistor_SMD.3dshapes/R_0603_1608Metric.step
04-22 18:05:46 com_github_MitjaNemec_Archive3DModels.archive_3d_models 51:Getting 3D models for footprint of: R196
04-22 18:05:46 com_github_MitjaNemec_Archive3DModels.archive_3d_models 63:Trying to copy: ${KICAD9_3DMODEL_DIR}/Resistor_SMD.3dshapes/R_0603_1608Metric.step
04-22 18:05:46 com_github_MitjaNemec_Archive3DModels.archive_3d_models 150:Remapping: ${KICAD9_3DMODEL_DIR}/Resistor_SMD.3dshapes/R_0603_1608Metric.step
04-22 18:05:46 com_github_MitjaNemec_Archive3DModels.archive_3d_models 51:Getting 3D models for footprint of: C24
04-22 18:05:46 com_github_MitjaNemec_Archive3DModels.archive_3d_models 63:Trying to copy: ${KICAD9_3DMODEL_DIR}/Capacitor_SMD.3dshapes/C_0603_1608Metric.step
04-22 18:05:46 com_github_MitjaNemec_Archive3DModels.archive_3d_models 150:Remapping: ${KICAD9_3DMODEL_DIR}/Capacitor_SMD.3dshapes/C_0603_1608Metric.step
04-22 18:05:46 com_github_MitjaNemec_Archive3DModels.archive_3d_models 51:Getting 3D models for footprint of: R110
04-22 18:05:46 com_github_MitjaNemec_Archive3DModels.archive_3d_models 63:Trying to copy: ${KICAD9_3DMODEL_DIR}/Resistor_SMD.3dshapes/R_0603_1608Metric.step
04-22 18:05:46 com_github_MitjaNemec_Archive3DModels.archive_3d_models 150:Remapping: ${KICAD9_3DMODEL_DIR}/Resistor_SMD.3dshapes/R_0603_1608Metric.step
04-22 18:05:46 com_github_MitjaNemec_Archive3DModels.archive_3d_models 51:Getting 3D models for footprint of: IC13
04-22 18:05:46 com_github_MitjaNemec_Archive3DModels.archive_3d_models 63:Trying to copy: D:/KiCad/9.0/share/kicad/SemacSys/SamacSys_Parts.3dshapes/TS3021ILT.stp
04-22 18:05:46 com_github_MitjaNemec_Archive3DModels.archive_3d_models 150:Remapping: D:/KiCad/9.0/share/kicad/SemacSys/SamacSys_Parts.3dshapes/TS3021ILT.stp
04-22 18:05:46 com_github_MitjaNemec_Archive3DModels.archive_3d_models 51:Getting 3D models for footprint of: U12
04-22 18:05:46 com_github_MitjaNemec_Archive3DModels.archive_3d_models 63:Trying to copy: ${KICAD9_3DMODEL_DIR}/Package_SO.3dshapes/SOP-4_3.8x4.1mm_P2.54mm.step
04-22 18:05:46 com_github_MitjaNemec_Archive3DModels.archive_3d_models 150:Remapping: ${KICAD9_3DMODEL_DIR}/Package_SO.3dshapes/SOP-4_3.8x4.1mm_P2.54mm.step
04-22 18:05:46 com_github_MitjaNemec_Archive3DModels.archive_3d_models 51:Getting 3D models for footprint of: U40
04-22 18:05:46 com_github_MitjaNemec_Archive3DModels.archive_3d_models 63:Trying to copy: ${KICAD9_3DMODEL_DIR}/Package_SO.3dshapes/SOP-4_3.8x4.1mm_P2.54mm.step
04-22 18:05:46 com_github_MitjaNemec_Archive3DModels.archive_3d_models 150:Remapping: ${KICAD9_3DMODEL_DIR}/Package_SO.3dshapes/SOP-4_3.8x4.1mm_P2.54mm.step
04-22 18:05:46 com_github_MitjaNemec_Archive3DModels.archive_3d_models 51:Getting 3D models for footprint of: R10
04-22 18:05:46 com_github_MitjaNemec_Archive3DModels.archive_3d_models 63:Trying to copy: ${KICAD9_3DMODEL_DIR}/Resistor_SMD.3dshapes/R_0603_1608Metric.step
04-22 18:05:46 com_github_MitjaNemec_Archive3DModels.archive_3d_models 150:Remapping: ${KICAD9_3DMODEL_DIR}/Resistor_SMD.3dshapes/R_0603_1608Metric.step
04-22 18:05:46 com_github_MitjaNemec_Archive3DModels.archive_3d_models 51:Getting 3D models for footprint of: R8
04-22 18:05:46 com_github_MitjaNemec_Archive3DModels.archive_3d_models 63:Trying to copy: ${KICAD9_3DMODEL_DIR}/Resistor_SMD.3dshapes/R_0603_1608Metric.step
04-22 18:05:46 com_github_MitjaNemec_Archive3DModels.archive_3d_models 150:Remapping: ${KICAD9_3DMODEL_DIR}/Resistor_SMD.3dshapes/R_0603_1608Metric.step
04-22 18:05:46 com_github_MitjaNemec_Archive3DModels.archive_3d_models 51:Getting 3D models for footprint of: R116
04-22 18:05:46 com_github_MitjaNemec_Archive3DModels.archive_3d_models 63:Trying to copy: ${KICAD9_3DMODEL_DIR}/Resistor_SMD.3dshapes/R_0603_1608Metric.step
04-22 18:05:46 com_github_MitjaNemec_Archive3DModels.archive_3d_models 150:Remapping: ${KICAD9_3DMODEL_DIR}/Resistor_SMD.3dshapes/R_0603_1608Metric.step
04-22 18:05:46 com_github_MitjaNemec_Archive3DModels.archive_3d_models 51:Getting 3D models for footprint of: R127
04-22 18:05:46 com_github_MitjaNemec_Archive3DModels.archive_3d_models 63:Trying to copy: ${KICAD9_3DMODEL_DIR}/Resistor_SMD.3dshapes/R_0603_1608Metric.step
04-22 18:05:46 com_github_MitjaNemec_Archive3DModels.archive_3d_models 150:Remapping: ${KICAD9_3DMODEL_DIR}/Resistor_SMD.3dshapes/R_0603_1608Metric.step
04-22 18:05:46 com_github_MitjaNemec_Archive3DModels.archive_3d_models 51:Getting 3D models for footprint of: U49
04-22 18:05:46 com_github_MitjaNemec_Archive3DModels.archive_3d_models 63:Trying to copy: ${KICAD9_3DMODEL_DIR}/Converter_DCDC.3dshapes/Converter_DCDC_Murata_CRE1xxxxxx3C_THT.step
04-22 18:05:46 com_github_MitjaNemec_Archive3DModels.archive_3d_models 150:Remapping: ${KICAD9_3DMODEL_DIR}/Converter_DCDC.3dshapes/Converter_DCDC_Murata_CRE1xxxxxx3C_THT.step
04-22 18:05:46 com_github_MitjaNemec_Archive3DModels.archive_3d_models 51:Getting 3D models for footprint of: D1
04-22 18:05:46 com_github_MitjaNemec_Archive3DModels.archive_3d_models 63:Trying to copy: ${KICAD9_3DMODEL_DIR}/Diode_SMD.3dshapes/D_SMF.step
04-22 18:05:46 com_github_MitjaNemec_Archive3DModels.archive_3d_models 150:Remapping: ${KICAD9_3DMODEL_DIR}/Diode_SMD.3dshapes/D_SMF.step
04-22 18:05:46 com_github_MitjaNemec_Archive3DModels.archive_3d_models 51:Getting 3D models for footprint of: R28
04-22 18:05:46 com_github_MitjaNemec_Archive3DModels.archive_3d_models 63:Trying to copy: ${KICAD9_3DMODEL_DIR}/Resistor_SMD.3dshapes/R_0603_1608Metric.step
04-22 18:05:46 com_github_MitjaNemec_Archive3DModels.archive_3d_models 150:Remapping: ${KICAD9_3DMODEL_DIR}/Resistor_SMD.3dshapes/R_0603_1608Metric.step
04-22 18:05:46 com_github_MitjaNemec_Archive3DModels.archive_3d_models 51:Getting 3D models for footprint of: R58
04-22 18:05:46 com_github_MitjaNemec_Archive3DModels.archive_3d_models 63:Trying to copy: ${KICAD9_3DMODEL_DIR}/Resistor_SMD.3dshapes/R_0603_1608Metric.step
04-22 18:05:46 com_github_MitjaNemec_Archive3DModels.archive_3d_models 150:Remapping: ${KICAD9_3DMODEL_DIR}/Resistor_SMD.3dshapes/R_0603_1608Metric.step
04-22 18:05:46 com_github_MitjaNemec_Archive3DModels.archive_3d_models 51:Getting 3D models for footprint of: R134
04-22 18:05:46 com_github_MitjaNemec_Archive3DModels.archive_3d_models 63:Trying to copy: ${KICAD9_3DMODEL_DIR}/Resistor_SMD.3dshapes/R_0603_1608Metric.step
04-22 18:05:46 com_github_MitjaNemec_Archive3DModels.archive_3d_models 150:Remapping: ${KICAD9_3DMODEL_DIR}/Resistor_SMD.3dshapes/R_0603_1608Metric.step
04-22 18:05:46 com_github_MitjaNemec_Archive3DModels.archive_3d_models 51:Getting 3D models for footprint of: R162
04-22 18:05:46 com_github_MitjaNemec_Archive3DModels.archive_3d_models 63:Trying to copy: ${KICAD9_3DMODEL_DIR}/Resistor_SMD.3dshapes/R_0603_1608Metric.step
04-22 18:05:46 com_github_MitjaNemec_Archive3DModels.archive_3d_models 150:Remapping: ${KICAD9_3DMODEL_DIR}/Resistor_SMD.3dshapes/R_0603_1608Metric.step
04-22 18:05:46 com_github_MitjaNemec_Archive3DModels.archive_3d_models 51:Getting 3D models for footprint of: U62
04-22 18:05:46 com_github_MitjaNemec_Archive3DModels.archive_3d_models 63:Trying to copy: ${KICAD9_3DMODEL_DIR}/Package_SO.3dshapes/SOIC-16W_7.5x10.3mm_P1.27mm.step
04-22 18:05:46 com_github_MitjaNemec_Archive3DModels.archive_3d_models 150:Remapping: ${KICAD9_3DMODEL_DIR}/Package_SO.3dshapes/SOIC-16W_7.5x10.3mm_P1.27mm.step
04-22 18:05:46 com_github_MitjaNemec_Archive3DModels.archive_3d_models 51:Getting 3D models for footprint of: R142
04-22 18:05:46 com_github_MitjaNemec_Archive3DModels.archive_3d_models 63:Trying to copy: ${KICAD9_3DMODEL_DIR}/Resistor_SMD.3dshapes/R_0603_1608Metric.step
04-22 18:05:46 com_github_MitjaNemec_Archive3DModels.archive_3d_models 150:Remapping: ${KICAD9_3DMODEL_DIR}/Resistor_SMD.3dshapes/R_0603_1608Metric.step
04-22 18:05:46 com_github_MitjaNemec_Archive3DModels.archive_3d_models 51:Getting 3D models for footprint of: R15
04-22 18:05:46 com_github_MitjaNemec_Archive3DModels.archive_3d_models 63:Trying to copy: ${KICAD9_3DMODEL_DIR}/Resistor_SMD.3dshapes/R_0603_1608Metric.step
04-22 18:05:46 com_github_MitjaNemec_Archive3DModels.archive_3d_models 150:Remapping: ${KICAD9_3DMODEL_DIR}/Resistor_SMD.3dshapes/R_0603_1608Metric.step
04-22 18:05:46 com_github_MitjaNemec_Archive3DModels.archive_3d_models 51:Getting 3D models for footprint of: R193
04-22 18:05:46 com_github_MitjaNemec_Archive3DModels.archive_3d_models 63:Trying to copy: ${KICAD9_3DMODEL_DIR}/Resistor_SMD.3dshapes/R_0603_1608Metric.step
04-22 18:05:47 com_github_MitjaNemec_Archive3DModels.archive_3d_models 150:Remapping: ${KICAD9_3DMODEL_DIR}/Resistor_SMD.3dshapes/R_0603_1608Metric.step
04-22 18:05:47 com_github_MitjaNemec_Archive3DModels.archive_3d_models 51:Getting 3D models for footprint of: U32
04-22 18:05:47 com_github_MitjaNemec_Archive3DModels.archive_3d_models 63:Trying to copy: ${KICAD9_3DMODEL_DIR}/Package_TO_SOT_SMD.3dshapes/SOT-23.step
04-22 18:05:47 com_github_MitjaNemec_Archive3DModels.archive_3d_models 150:Remapping: ${KICAD9_3DMODEL_DIR}/Package_TO_SOT_SMD.3dshapes/SOT-23.step
04-22 18:05:47 com_github_MitjaNemec_Archive3DModels.archive_3d_models 51:Getting 3D models for footprint of: U45
04-22 18:05:47 com_github_MitjaNemec_Archive3DModels.archive_3d_models 63:Trying to copy: ${KICAD9_3DMODEL_DIR}/Package_SO.3dshapes/SOP-4_3.8x4.1mm_P2.54mm.step
04-22 18:05:47 com_github_MitjaNemec_Archive3DModels.archive_3d_models 150:Remapping: ${KICAD9_3DMODEL_DIR}/Package_SO.3dshapes/SOP-4_3.8x4.1mm_P2.54mm.step
04-22 18:05:47 com_github_MitjaNemec_Archive3DModels.archive_3d_models 51:Getting 3D models for footprint of: R72
04-22 18:05:47 com_github_MitjaNemec_Archive3DModels.archive_3d_models 63:Trying to copy: ${KICAD9_3DMODEL_DIR}/Resistor_SMD.3dshapes/R_0603_1608Metric.step
04-22 18:05:47 com_github_MitjaNemec_Archive3DModels.archive_3d_models 150:Remapping: ${KICAD9_3DMODEL_DIR}/Resistor_SMD.3dshapes/R_0603_1608Metric.step
04-22 18:05:47 com_github_MitjaNemec_Archive3DModels.archive_3d_models 51:Getting 3D models for footprint of: D5
04-22 18:05:47 com_github_MitjaNemec_Archive3DModels.archive_3d_models 63:Trying to copy: ${KICAD9_3DMODEL_DIR}/Diode_SMD.3dshapes/D_SMF.step
04-22 18:05:47 com_github_MitjaNemec_Archive3DModels.archive_3d_models 150:Remapping: ${KICAD9_3DMODEL_DIR}/Diode_SMD.3dshapes/D_SMF.step
04-22 18:05:47 com_github_MitjaNemec_Archive3DModels.archive_3d_models 51:Getting 3D models for footprint of: R153
04-22 18:05:47 com_github_MitjaNemec_Archive3DModels.archive_3d_models 63:Trying to copy: ${KICAD9_3DMODEL_DIR}/Resistor_SMD.3dshapes/R_0603_1608Metric.step
04-22 18:05:47 com_github_MitjaNemec_Archive3DModels.archive_3d_models 150:Remapping: ${KICAD9_3DMODEL_DIR}/Resistor_SMD.3dshapes/R_0603_1608Metric.step
04-22 18:05:47 com_github_MitjaNemec_Archive3DModels.archive_3d_models 51:Getting 3D models for footprint of: R55
04-22 18:05:47 com_github_MitjaNemec_Archive3DModels.archive_3d_models 63:Trying to copy: ${KICAD9_3DMODEL_DIR}/Resistor_SMD.3dshapes/R_0603_1608Metric.step
04-22 18:05:47 com_github_MitjaNemec_Archive3DModels.archive_3d_models 150:Remapping: ${KICAD9_3DMODEL_DIR}/Resistor_SMD.3dshapes/R_0603_1608Metric.step
04-22 18:05:47 com_github_MitjaNemec_Archive3DModels.archive_3d_models 51:Getting 3D models for footprint of: R154
04-22 18:05:47 com_github_MitjaNemec_Archive3DModels.archive_3d_models 63:Trying to copy: ${KICAD9_3DMODEL_DIR}/Resistor_SMD.3dshapes/R_0603_1608Metric.step
04-22 18:05:47 com_github_MitjaNemec_Archive3DModels.archive_3d_models 150:Remapping: ${KICAD9_3DMODEL_DIR}/Resistor_SMD.3dshapes/R_0603_1608Metric.step
04-22 18:05:47 com_github_MitjaNemec_Archive3DModels.archive_3d_models 51:Getting 3D models for footprint of: R36
04-22 18:05:47 com_github_MitjaNemec_Archive3DModels.archive_3d_models 63:Trying to copy: ${KICAD9_3DMODEL_DIR}/Resistor_SMD.3dshapes/R_0603_1608Metric.step
04-22 18:05:47 com_github_MitjaNemec_Archive3DModels.archive_3d_models 150:Remapping: ${KICAD9_3DMODEL_DIR}/Resistor_SMD.3dshapes/R_0603_1608Metric.step
04-22 18:05:47 com_github_MitjaNemec_Archive3DModels.archive_3d_models 51:Getting 3D models for footprint of: R184
04-22 18:05:47 com_github_MitjaNemec_Archive3DModels.archive_3d_models 63:Trying to copy: ${KICAD9_3DMODEL_DIR}/Resistor_SMD.3dshapes/R_0603_1608Metric.step
04-22 18:05:47 com_github_MitjaNemec_Archive3DModels.archive_3d_models 150:Remapping: ${KICAD9_3DMODEL_DIR}/Resistor_SMD.3dshapes/R_0603_1608Metric.step
04-22 18:05:47 com_github_MitjaNemec_Archive3DModels.archive_3d_models 51:Getting 3D models for footprint of: R195
04-22 18:05:47 com_github_MitjaNemec_Archive3DModels.archive_3d_models 63:Trying to copy: ${KICAD9_3DMODEL_DIR}/Resistor_SMD.3dshapes/R_0603_1608Metric.step
04-22 18:05:47 com_github_MitjaNemec_Archive3DModels.archive_3d_models 150:Remapping: ${KICAD9_3DMODEL_DIR}/Resistor_SMD.3dshapes/R_0603_1608Metric.step
04-22 18:05:47 com_github_MitjaNemec_Archive3DModels.archive_3d_models 51:Getting 3D models for footprint of: R198
04-22 18:05:47 com_github_MitjaNemec_Archive3DModels.archive_3d_models 63:Trying to copy: ${KICAD9_3DMODEL_DIR}/Resistor_SMD.3dshapes/R_0603_1608Metric.step
04-22 18:05:47 com_github_MitjaNemec_Archive3DModels.archive_3d_models 150:Remapping: ${KICAD9_3DMODEL_DIR}/Resistor_SMD.3dshapes/R_0603_1608Metric.step
04-22 18:05:47 com_github_MitjaNemec_Archive3DModels.archive_3d_models 51:Getting 3D models for footprint of: R29
04-22 18:05:47 com_github_MitjaNemec_Archive3DModels.archive_3d_models 63:Trying to copy: ${KICAD9_3DMODEL_DIR}/Resistor_SMD.3dshapes/R_0603_1608Metric.step
04-22 18:05:47 com_github_MitjaNemec_Archive3DModels.archive_3d_models 150:Remapping: ${KICAD9_3DMODEL_DIR}/Resistor_SMD.3dshapes/R_0603_1608Metric.step
04-22 18:05:47 com_github_MitjaNemec_Archive3DModels.archive_3d_models 51:Getting 3D models for footprint of: IC11
04-22 18:05:47 com_github_MitjaNemec_Archive3DModels.archive_3d_models 63:Trying to copy: D:/KiCad/9.0/share/kicad/SemacSys/SamacSys_Parts.3dshapes/TS3021ILT.stp
04-22 18:05:47 com_github_MitjaNemec_Archive3DModels.archive_3d_models 150:Remapping: D:/KiCad/9.0/share/kicad/SemacSys/SamacSys_Parts.3dshapes/TS3021ILT.stp
04-22 18:05:47 com_github_MitjaNemec_Archive3DModels.archive_3d_models 51:Getting 3D models for footprint of: U48
04-22 18:05:47 com_github_MitjaNemec_Archive3DModels.archive_3d_models 63:Trying to copy: ${KICAD9_3DMODEL_DIR}/Package_SO.3dshapes/SOIC-16W_7.5x10.3mm_P1.27mm.step
04-22 18:05:47 com_github_MitjaNemec_Archive3DModels.archive_3d_models 150:Remapping: ${KICAD9_3DMODEL_DIR}/Package_SO.3dshapes/SOIC-16W_7.5x10.3mm_P1.27mm.step
04-22 18:05:47 com_github_MitjaNemec_Archive3DModels.archive_3d_models 51:Getting 3D models for footprint of: U19
04-22 18:05:47 com_github_MitjaNemec_Archive3DModels.archive_3d_models 63:Trying to copy: ${KICAD9_3DMODEL_DIR}/Package_SO.3dshapes/SOP-4_3.8x4.1mm_P2.54mm.step
04-22 18:05:47 com_github_MitjaNemec_Archive3DModels.archive_3d_models 150:Remapping: ${KICAD9_3DMODEL_DIR}/Package_SO.3dshapes/SOP-4_3.8x4.1mm_P2.54mm.step
04-22 18:05:47 com_github_MitjaNemec_Archive3DModels.archive_3d_models 51:Getting 3D models for footprint of: R187
04-22 18:05:47 com_github_MitjaNemec_Archive3DModels.archive_3d_models 63:Trying to copy: ${KICAD9_3DMODEL_DIR}/Resistor_SMD.3dshapes/R_0603_1608Metric.step
04-22 18:05:47 com_github_MitjaNemec_Archive3DModels.archive_3d_models 150:Remapping: ${KICAD9_3DMODEL_DIR}/Resistor_SMD.3dshapes/R_0603_1608Metric.step
04-22 18:05:47 com_github_MitjaNemec_Archive3DModels.archive_3d_models 51:Getting 3D models for footprint of: U35
04-22 18:05:47 com_github_MitjaNemec_Archive3DModels.archive_3d_models 63:Trying to copy: ${KICAD9_3DMODEL_DIR}/Converter_DCDC.3dshapes/Converter_DCDC_Murata_CRE1xxxxxx3C_THT.step
04-22 18:05:47 com_github_MitjaNemec_Archive3DModels.archive_3d_models 150:Remapping: ${KICAD9_3DMODEL_DIR}/Converter_DCDC.3dshapes/Converter_DCDC_Murata_CRE1xxxxxx3C_THT.step
04-22 18:05:47 com_github_MitjaNemec_Archive3DModels.archive_3d_models 51:Getting 3D models for footprint of: R167
04-22 18:05:47 com_github_MitjaNemec_Archive3DModels.archive_3d_models 63:Trying to copy: ${KICAD9_3DMODEL_DIR}/Resistor_SMD.3dshapes/R_0603_1608Metric.step
04-22 18:05:47 com_github_MitjaNemec_Archive3DModels.archive_3d_models 150:Remapping: ${KICAD9_3DMODEL_DIR}/Resistor_SMD.3dshapes/R_0603_1608Metric.step
04-22 18:05:47 com_github_MitjaNemec_Archive3DModels.archive_3d_models 51:Getting 3D models for footprint of: R98
04-22 18:05:47 com_github_MitjaNemec_Archive3DModels.archive_3d_models 63:Trying to copy: ${KICAD9_3DMODEL_DIR}/Resistor_SMD.3dshapes/R_0603_1608Metric.step
04-22 18:05:47 com_github_MitjaNemec_Archive3DModels.archive_3d_models 150:Remapping: ${KICAD9_3DMODEL_DIR}/Resistor_SMD.3dshapes/R_0603_1608Metric.step
04-22 18:05:47 com_github_MitjaNemec_Archive3DModels.archive_3d_models 51:Getting 3D models for footprint of: C45
04-22 18:05:47 com_github_MitjaNemec_Archive3DModels.archive_3d_models 63:Trying to copy: ${KICAD9_3DMODEL_DIR}/Capacitor_SMD.3dshapes/C_0603_1608Metric.step
04-22 18:05:47 com_github_MitjaNemec_Archive3DModels.archive_3d_models 150:Remapping: ${KICAD9_3DMODEL_DIR}/Capacitor_SMD.3dshapes/C_0603_1608Metric.step
04-22 18:05:47 com_github_MitjaNemec_Archive3DModels.archive_3d_models 51:Getting 3D models for footprint of: R168
04-22 18:05:47 com_github_MitjaNemec_Archive3DModels.archive_3d_models 63:Trying to copy: ${KICAD9_3DMODEL_DIR}/Resistor_SMD.3dshapes/R_0603_1608Metric.step
04-22 18:05:47 com_github_MitjaNemec_Archive3DModels.archive_3d_models 150:Remapping: ${KICAD9_3DMODEL_DIR}/Resistor_SMD.3dshapes/R_0603_1608Metric.step
04-22 18:05:47 com_github_MitjaNemec_Archive3DModels.archive_3d_models 51:Getting 3D models for footprint of: X1
04-22 18:05:47 com_github_MitjaNemec_Archive3DModels.archive_3d_models 51:Getting 3D models for footprint of: IC3
04-22 18:05:47 com_github_MitjaNemec_Archive3DModels.archive_3d_models 63:Trying to copy: D:/KiCad/9.0/share/kicad/SemacSys/SamacSys_Parts.3dshapes/TS3021ILT.stp
04-22 18:05:47 com_github_MitjaNemec_Archive3DModels.archive_3d_models 150:Remapping: D:/KiCad/9.0/share/kicad/SemacSys/SamacSys_Parts.3dshapes/TS3021ILT.stp
04-22 18:05:47 com_github_MitjaNemec_Archive3DModels.archive_3d_models 51:Getting 3D models for footprint of: R181
04-22 18:05:47 com_github_MitjaNemec_Archive3DModels.archive_3d_models 63:Trying to copy: ${KICAD9_3DMODEL_DIR}/Resistor_SMD.3dshapes/R_0603_1608Metric.step
04-22 18:05:47 com_github_MitjaNemec_Archive3DModels.archive_3d_models 150:Remapping: ${KICAD9_3DMODEL_DIR}/Resistor_SMD.3dshapes/R_0603_1608Metric.step
04-22 18:05:47 com_github_MitjaNemec_Archive3DModels.archive_3d_models 51:Getting 3D models for footprint of: U60
04-22 18:05:47 com_github_MitjaNemec_Archive3DModels.archive_3d_models 63:Trying to copy: ${KICAD9_3DMODEL_DIR}/Package_TO_SOT_SMD.3dshapes/SOT-23.step
04-22 18:05:47 com_github_MitjaNemec_Archive3DModels.archive_3d_models 150:Remapping: ${KICAD9_3DMODEL_DIR}/Package_TO_SOT_SMD.3dshapes/SOT-23.step
04-22 18:05:47 com_github_MitjaNemec_Archive3DModels.archive_3d_models 51:Getting 3D models for footprint of: FB9
04-22 18:05:47 com_github_MitjaNemec_Archive3DModels.archive_3d_models 63:Trying to copy: ${KICAD9_3DMODEL_DIR}/Inductor_SMD.3dshapes/L_0603_1608Metric.step
04-22 18:05:47 com_github_MitjaNemec_Archive3DModels.archive_3d_models 150:Remapping: ${KICAD9_3DMODEL_DIR}/Inductor_SMD.3dshapes/L_0603_1608Metric.step
04-22 18:05:47 com_github_MitjaNemec_Archive3DModels.archive_3d_models 51:Getting 3D models for footprint of: C57
04-22 18:05:47 com_github_MitjaNemec_Archive3DModels.archive_3d_models 63:Trying to copy: ${KICAD9_3DMODEL_DIR}/Capacitor_SMD.3dshapes/C_0603_1608Metric.step
04-22 18:05:47 com_github_MitjaNemec_Archive3DModels.archive_3d_models 150:Remapping: ${KICAD9_3DMODEL_DIR}/Capacitor_SMD.3dshapes/C_0603_1608Metric.step
04-22 18:05:47 com_github_MitjaNemec_Archive3DModels.archive_3d_models 51:Getting 3D models for footprint of: C32
04-22 18:05:47 com_github_MitjaNemec_Archive3DModels.archive_3d_models 63:Trying to copy: ${KICAD9_3DMODEL_DIR}/Capacitor_SMD.3dshapes/C_0603_1608Metric.step
04-22 18:05:47 com_github_MitjaNemec_Archive3DModels.archive_3d_models 150:Remapping: ${KICAD9_3DMODEL_DIR}/Capacitor_SMD.3dshapes/C_0603_1608Metric.step
04-22 18:05:47 com_github_MitjaNemec_Archive3DModels.archive_3d_models 51:Getting 3D models for footprint of: C27
04-22 18:05:47 com_github_MitjaNemec_Archive3DModels.archive_3d_models 63:Trying to copy: ${KICAD9_3DMODEL_DIR}/Capacitor_SMD.3dshapes/C_0603_1608Metric.step
04-22 18:05:47 com_github_MitjaNemec_Archive3DModels.archive_3d_models 150:Remapping: ${KICAD9_3DMODEL_DIR}/Capacitor_SMD.3dshapes/C_0603_1608Metric.step
04-22 18:05:47 com_github_MitjaNemec_Archive3DModels.archive_3d_models 51:Getting 3D models for footprint of: FB10
04-22 18:05:47 com_github_MitjaNemec_Archive3DModels.archive_3d_models 63:Trying to copy: ${KICAD9_3DMODEL_DIR}/Inductor_SMD.3dshapes/L_0603_1608Metric.step
04-22 18:05:47 com_github_MitjaNemec_Archive3DModels.archive_3d_models 150:Remapping: ${KICAD9_3DMODEL_DIR}/Inductor_SMD.3dshapes/L_0603_1608Metric.step
04-22 18:05:47 com_github_MitjaNemec_Archive3DModels.archive_3d_models 51:Getting 3D models for footprint of: U20
04-22 18:05:47 com_github_MitjaNemec_Archive3DModels.archive_3d_models 63:Trying to copy: ${KICAD9_3DMODEL_DIR}/Package_SO.3dshapes/SOP-4_3.8x4.1mm_P2.54mm.step
04-22 18:05:47 com_github_MitjaNemec_Archive3DModels.archive_3d_models 150:Remapping: ${KICAD9_3DMODEL_DIR}/Package_SO.3dshapes/SOP-4_3.8x4.1mm_P2.54mm.step
04-22 18:05:47 com_github_MitjaNemec_Archive3DModels.archive_3d_models 51:Getting 3D models for footprint of: C30
04-22 18:05:47 com_github_MitjaNemec_Archive3DModels.archive_3d_models 63:Trying to copy: ${KICAD9_3DMODEL_DIR}/Capacitor_SMD.3dshapes/C_0603_1608Metric.step
04-22 18:05:47 com_github_MitjaNemec_Archive3DModels.archive_3d_models 150:Remapping: ${KICAD9_3DMODEL_DIR}/Capacitor_SMD.3dshapes/C_0603_1608Metric.step
04-22 18:05:47 com_github_MitjaNemec_Archive3DModels.archive_3d_models 51:Getting 3D models for footprint of: R159
04-22 18:05:47 com_github_MitjaNemec_Archive3DModels.archive_3d_models 63:Trying to copy: ${KICAD9_3DMODEL_DIR}/Resistor_SMD.3dshapes/R_0603_1608Metric.step
04-22 18:05:47 com_github_MitjaNemec_Archive3DModels.archive_3d_models 150:Remapping: ${KICAD9_3DMODEL_DIR}/Resistor_SMD.3dshapes/R_0603_1608Metric.step
04-22 18:05:47 com_github_MitjaNemec_Archive3DModels.archive_3d_models 51:Getting 3D models for footprint of: R180
04-22 18:05:47 com_github_MitjaNemec_Archive3DModels.archive_3d_models 63:Trying to copy: ${KICAD9_3DMODEL_DIR}/Resistor_SMD.3dshapes/R_0603_1608Metric.step
04-22 18:05:47 com_github_MitjaNemec_Archive3DModels.archive_3d_models 150:Remapping: ${KICAD9_3DMODEL_DIR}/Resistor_SMD.3dshapes/R_0603_1608Metric.step
04-22 18:05:47 com_github_MitjaNemec_Archive3DModels.archive_3d_models 51:Getting 3D models for footprint of: R83
04-22 18:05:47 com_github_MitjaNemec_Archive3DModels.archive_3d_models 63:Trying to copy: ${KICAD9_3DMODEL_DIR}/Resistor_SMD.3dshapes/R_0603_1608Metric.step
04-22 18:05:47 com_github_MitjaNemec_Archive3DModels.archive_3d_models 150:Remapping: ${KICAD9_3DMODEL_DIR}/Resistor_SMD.3dshapes/R_0603_1608Metric.step
04-22 18:05:47 com_github_MitjaNemec_Archive3DModels.archive_3d_models 51:Getting 3D models for footprint of: C2
04-22 18:05:47 com_github_MitjaNemec_Archive3DModels.archive_3d_models 63:Trying to copy: ${KICAD9_3DMODEL_DIR}/Capacitor_SMD.3dshapes/C_1206_3216Metric.step
04-22 18:05:47 com_github_MitjaNemec_Archive3DModels.archive_3d_models 150:Remapping: ${KICAD9_3DMODEL_DIR}/Capacitor_SMD.3dshapes/C_1206_3216Metric.step
04-22 18:05:47 com_github_MitjaNemec_Archive3DModels.archive_3d_models 51:Getting 3D models for footprint of: R191
04-22 18:05:47 com_github_MitjaNemec_Archive3DModels.archive_3d_models 63:Trying to copy: ${KICAD9_3DMODEL_DIR}/Resistor_SMD.3dshapes/R_0603_1608Metric.step
04-22 18:05:47 com_github_MitjaNemec_Archive3DModels.archive_3d_models 150:Remapping: ${KICAD9_3DMODEL_DIR}/Resistor_SMD.3dshapes/R_0603_1608Metric.step
04-22 18:05:47 com_github_MitjaNemec_Archive3DModels.archive_3d_models 51:Getting 3D models for footprint of: C47
04-22 18:05:47 com_github_MitjaNemec_Archive3DModels.archive_3d_models 63:Trying to copy: ${KICAD9_3DMODEL_DIR}/Capacitor_SMD.3dshapes/C_0603_1608Metric.step
04-22 18:05:47 com_github_MitjaNemec_Archive3DModels.archive_3d_models 150:Remapping: ${KICAD9_3DMODEL_DIR}/Capacitor_SMD.3dshapes/C_0603_1608Metric.step
04-22 18:05:47 com_github_MitjaNemec_Archive3DModels.archive_3d_models 51:Getting 3D models for footprint of: R128
04-22 18:05:47 com_github_MitjaNemec_Archive3DModels.archive_3d_models 63:Trying to copy: ${KICAD9_3DMODEL_DIR}/Resistor_SMD.3dshapes/R_0603_1608Metric.step
04-22 18:05:47 com_github_MitjaNemec_Archive3DModels.archive_3d_models 150:Remapping: ${KICAD9_3DMODEL_DIR}/Resistor_SMD.3dshapes/R_0603_1608Metric.step
04-22 18:05:47 com_github_MitjaNemec_Archive3DModels.archive_3d_models 51:Getting 3D models for footprint of: D11
04-22 18:05:47 com_github_MitjaNemec_Archive3DModels.archive_3d_models 63:Trying to copy: ${KICAD9_3DMODEL_DIR}/Diode_SMD.3dshapes/D_SMF.step
04-22 18:05:47 com_github_MitjaNemec_Archive3DModels.archive_3d_models 150:Remapping: ${KICAD9_3DMODEL_DIR}/Diode_SMD.3dshapes/D_SMF.step
04-22 18:05:47 com_github_MitjaNemec_Archive3DModels.archive_3d_models 51:Getting 3D models for footprint of: FB25
04-22 18:05:47 com_github_MitjaNemec_Archive3DModels.archive_3d_models 63:Trying to copy: ${KICAD9_3DMODEL_DIR}/Inductor_SMD.3dshapes/L_0603_1608Metric.step
04-22 18:05:47 com_github_MitjaNemec_Archive3DModels.archive_3d_models 150:Remapping: ${KICAD9_3DMODEL_DIR}/Inductor_SMD.3dshapes/L_0603_1608Metric.step
04-22 18:05:47 com_github_MitjaNemec_Archive3DModels.archive_3d_models 51:Getting 3D models for footprint of: R174
04-22 18:05:47 com_github_MitjaNemec_Archive3DModels.archive_3d_models 63:Trying to copy: ${KICAD9_3DMODEL_DIR}/Resistor_SMD.3dshapes/R_0603_1608Metric.step
04-22 18:05:47 com_github_MitjaNemec_Archive3DModels.archive_3d_models 150:Remapping: ${KICAD9_3DMODEL_DIR}/Resistor_SMD.3dshapes/R_0603_1608Metric.step
04-22 18:05:47 com_github_MitjaNemec_Archive3DModels.archive_3d_models 51:Getting 3D models for footprint of: R114
04-22 18:05:47 com_github_MitjaNemec_Archive3DModels.archive_3d_models 63:Trying to copy: ${KICAD9_3DMODEL_DIR}/Resistor_SMD.3dshapes/R_0603_1608Metric.step
04-22 18:05:47 com_github_MitjaNemec_Archive3DModels.archive_3d_models 150:Remapping: ${KICAD9_3DMODEL_DIR}/Resistor_SMD.3dshapes/R_0603_1608Metric.step
04-22 18:05:47 com_github_MitjaNemec_Archive3DModels.archive_3d_models 51:Getting 3D models for footprint of: R141
04-22 18:05:47 com_github_MitjaNemec_Archive3DModels.archive_3d_models 63:Trying to copy: ${KICAD9_3DMODEL_DIR}/Resistor_SMD.3dshapes/R_0603_1608Metric.step
04-22 18:05:47 com_github_MitjaNemec_Archive3DModels.archive_3d_models 150:Remapping: ${KICAD9_3DMODEL_DIR}/Resistor_SMD.3dshapes/R_0603_1608Metric.step
04-22 18:05:47 com_github_MitjaNemec_Archive3DModels.archive_3d_models 51:Getting 3D models for footprint of: IC1
04-22 18:05:47 com_github_MitjaNemec_Archive3DModels.archive_3d_models 63:Trying to copy: D:/KiCad/9.0/share/kicad/SemacSys/SamacSys_Parts.3dshapes/TS3021ILT.stp
04-22 18:05:47 com_github_MitjaNemec_Archive3DModels.archive_3d_models 150:Remapping: D:/KiCad/9.0/share/kicad/SemacSys/SamacSys_Parts.3dshapes/TS3021ILT.stp
04-22 18:05:47 com_github_MitjaNemec_Archive3DModels.archive_3d_models 51:Getting 3D models for footprint of: R148
04-22 18:05:47 com_github_MitjaNemec_Archive3DModels.archive_3d_models 63:Trying to copy: ${KICAD9_3DMODEL_DIR}/Resistor_SMD.3dshapes/R_0603_1608Metric.step
04-22 18:05:47 com_github_MitjaNemec_Archive3DModels.archive_3d_models 150:Remapping: ${KICAD9_3DMODEL_DIR}/Resistor_SMD.3dshapes/R_0603_1608Metric.step
04-22 18:05:47 com_github_MitjaNemec_Archive3DModels.archive_3d_models 51:Getting 3D models for footprint of: R140
04-22 18:05:47 com_github_MitjaNemec_Archive3DModels.archive_3d_models 63:Trying to copy: ${KICAD9_3DMODEL_DIR}/Resistor_SMD.3dshapes/R_0603_1608Metric.step
04-22 18:05:47 com_github_MitjaNemec_Archive3DModels.archive_3d_models 150:Remapping: ${KICAD9_3DMODEL_DIR}/Resistor_SMD.3dshapes/R_0603_1608Metric.step
04-22 18:05:47 com_github_MitjaNemec_Archive3DModels.archive_3d_models 51:Getting 3D models for footprint of: R118
04-22 18:05:47 com_github_MitjaNemec_Archive3DModels.archive_3d_models 63:Trying to copy: ${KICAD9_3DMODEL_DIR}/Resistor_SMD.3dshapes/R_0603_1608Metric.step
04-22 18:05:47 com_github_MitjaNemec_Archive3DModels.archive_3d_models 150:Remapping: ${KICAD9_3DMODEL_DIR}/Resistor_SMD.3dshapes/R_0603_1608Metric.step
04-22 18:05:47 com_github_MitjaNemec_Archive3DModels.archive_3d_models 51:Getting 3D models for footprint of: C59
04-22 18:05:47 com_github_MitjaNemec_Archive3DModels.archive_3d_models 63:Trying to copy: ${KICAD9_3DMODEL_DIR}/Capacitor_SMD.3dshapes/C_0603_1608Metric.step
04-22 18:05:47 com_github_MitjaNemec_Archive3DModels.archive_3d_models 150:Remapping: ${KICAD9_3DMODEL_DIR}/Capacitor_SMD.3dshapes/C_0603_1608Metric.step
04-22 18:05:47 com_github_MitjaNemec_Archive3DModels.archive_3d_models 51:Getting 3D models for footprint of: U27
04-22 18:05:47 com_github_MitjaNemec_Archive3DModels.archive_3d_models 63:Trying to copy: ${KICAD9_3DMODEL_DIR}/Package_SO.3dshapes/SOIC-16W_7.5x10.3mm_P1.27mm.step
04-22 18:05:47 com_github_MitjaNemec_Archive3DModels.archive_3d_models 150:Remapping: ${KICAD9_3DMODEL_DIR}/Package_SO.3dshapes/SOIC-16W_7.5x10.3mm_P1.27mm.step
04-22 18:05:47 com_github_MitjaNemec_Archive3DModels.archive_3d_models 51:Getting 3D models for footprint of: R61
04-22 18:05:47 com_github_MitjaNemec_Archive3DModels.archive_3d_models 63:Trying to copy: ${KICAD9_3DMODEL_DIR}/Resistor_SMD.3dshapes/R_0603_1608Metric.step
04-22 18:05:47 com_github_MitjaNemec_Archive3DModels.archive_3d_models 150:Remapping: ${KICAD9_3DMODEL_DIR}/Resistor_SMD.3dshapes/R_0603_1608Metric.step
04-22 18:05:47 com_github_MitjaNemec_Archive3DModels.archive_3d_models 51:Getting 3D models for footprint of: D14
04-22 18:05:47 com_github_MitjaNemec_Archive3DModels.archive_3d_models 63:Trying to copy: ${KICAD9_3DMODEL_DIR}/Diode_SMD.3dshapes/D_SMF.step
04-22 18:05:47 com_github_MitjaNemec_Archive3DModels.archive_3d_models 150:Remapping: ${KICAD9_3DMODEL_DIR}/Diode_SMD.3dshapes/D_SMF.step
04-22 18:05:47 com_github_MitjaNemec_Archive3DModels.archive_3d_models 51:Getting 3D models for footprint of: R132
04-22 18:05:47 com_github_MitjaNemec_Archive3DModels.archive_3d_models 63:Trying to copy: ${KICAD9_3DMODEL_DIR}/Resistor_SMD.3dshapes/R_0603_1608Metric.step
04-22 18:05:47 com_github_MitjaNemec_Archive3DModels.archive_3d_models 150:Remapping: ${KICAD9_3DMODEL_DIR}/Resistor_SMD.3dshapes/R_0603_1608Metric.step
04-22 18:05:47 com_github_MitjaNemec_Archive3DModels.archive_3d_models 51:Getting 3D models for footprint of: R49
04-22 18:05:47 com_github_MitjaNemec_Archive3DModels.archive_3d_models 63:Trying to copy: ${KICAD9_3DMODEL_DIR}/Resistor_SMD.3dshapes/R_0603_1608Metric.step
04-22 18:05:47 com_github_MitjaNemec_Archive3DModels.archive_3d_models 150:Remapping: ${KICAD9_3DMODEL_DIR}/Resistor_SMD.3dshapes/R_0603_1608Metric.step
04-22 18:05:47 com_github_MitjaNemec_Archive3DModels.archive_3d_models 51:Getting 3D models for footprint of: R69
04-22 18:05:47 com_github_MitjaNemec_Archive3DModels.archive_3d_models 63:Trying to copy: ${KICAD9_3DMODEL_DIR}/Resistor_SMD.3dshapes/R_0603_1608Metric.step
04-22 18:05:47 com_github_MitjaNemec_Archive3DModels.archive_3d_models 150:Remapping: ${KICAD9_3DMODEL_DIR}/Resistor_SMD.3dshapes/R_0603_1608Metric.step
04-22 18:05:47 com_github_MitjaNemec_Archive3DModels.archive_3d_models 51:Getting 3D models for footprint of: R64
04-22 18:05:47 com_github_MitjaNemec_Archive3DModels.archive_3d_models 63:Trying to copy: ${KICAD9_3DMODEL_DIR}/Resistor_SMD.3dshapes/R_0603_1608Metric.step
04-22 18:05:47 com_github_MitjaNemec_Archive3DModels.archive_3d_models 150:Remapping: ${KICAD9_3DMODEL_DIR}/Resistor_SMD.3dshapes/R_0603_1608Metric.step
04-22 18:05:47 com_github_MitjaNemec_Archive3DModels.archive_3d_models 51:Getting 3D models for footprint of: U44
04-22 18:05:47 com_github_MitjaNemec_Archive3DModels.archive_3d_models 63:Trying to copy: ${KICAD9_3DMODEL_DIR}/Package_SO.3dshapes/SOP-4_3.8x4.1mm_P2.54mm.step
04-22 18:05:47 com_github_MitjaNemec_Archive3DModels.archive_3d_models 150:Remapping: ${KICAD9_3DMODEL_DIR}/Package_SO.3dshapes/SOP-4_3.8x4.1mm_P2.54mm.step
04-22 18:05:47 com_github_MitjaNemec_Archive3DModels.archive_3d_models 51:Getting 3D models for footprint of: R70
04-22 18:05:47 com_github_MitjaNemec_Archive3DModels.archive_3d_models 63:Trying to copy: ${KICAD9_3DMODEL_DIR}/Resistor_SMD.3dshapes/R_0603_1608Metric.step
04-22 18:05:47 com_github_MitjaNemec_Archive3DModels.archive_3d_models 150:Remapping: ${KICAD9_3DMODEL_DIR}/Resistor_SMD.3dshapes/R_0603_1608Metric.step
04-22 18:05:47 com_github_MitjaNemec_Archive3DModels.archive_3d_models 51:Getting 3D models for footprint of: R104
04-22 18:05:47 com_github_MitjaNemec_Archive3DModels.archive_3d_models 63:Trying to copy: ${KICAD9_3DMODEL_DIR}/Resistor_SMD.3dshapes/R_0603_1608Metric.step
04-22 18:05:47 com_github_MitjaNemec_Archive3DModels.archive_3d_models 150:Remapping: ${KICAD9_3DMODEL_DIR}/Resistor_SMD.3dshapes/R_0603_1608Metric.step
04-22 18:05:47 com_github_MitjaNemec_Archive3DModels.archive_3d_models 51:Getting 3D models for footprint of: R82
04-22 18:05:47 com_github_MitjaNemec_Archive3DModels.archive_3d_models 63:Trying to copy: ${KICAD9_3DMODEL_DIR}/Resistor_SMD.3dshapes/R_0603_1608Metric.step
04-22 18:05:47 com_github_MitjaNemec_Archive3DModels.archive_3d_models 150:Remapping: ${KICAD9_3DMODEL_DIR}/Resistor_SMD.3dshapes/R_0603_1608Metric.step
04-22 18:05:47 com_github_MitjaNemec_Archive3DModels.archive_3d_models 51:Getting 3D models for footprint of: R100
04-22 18:05:47 com_github_MitjaNemec_Archive3DModels.archive_3d_models 63:Trying to copy: ${KICAD9_3DMODEL_DIR}/Resistor_SMD.3dshapes/R_0603_1608Metric.step
04-22 18:05:47 com_github_MitjaNemec_Archive3DModels.archive_3d_models 150:Remapping: ${KICAD9_3DMODEL_DIR}/Resistor_SMD.3dshapes/R_0603_1608Metric.step
04-22 18:05:47 com_github_MitjaNemec_Archive3DModels.archive_3d_models 51:Getting 3D models for footprint of: FB20
04-22 18:05:47 com_github_MitjaNemec_Archive3DModels.archive_3d_models 63:Trying to copy: ${KICAD9_3DMODEL_DIR}/Inductor_SMD.3dshapes/L_0603_1608Metric.step
04-22 18:05:47 com_github_MitjaNemec_Archive3DModels.archive_3d_models 150:Remapping: ${KICAD9_3DMODEL_DIR}/Inductor_SMD.3dshapes/L_0603_1608Metric.step
04-22 18:05:47 com_github_MitjaNemec_Archive3DModels.archive_3d_models 51:Getting 3D models for footprint of: U29
04-22 18:05:47 com_github_MitjaNemec_Archive3DModels.archive_3d_models 63:Trying to copy: ${KICAD9_3DMODEL_DIR}/Package_SO.3dshapes/SOP-4_3.8x4.1mm_P2.54mm.step
04-22 18:05:47 com_github_MitjaNemec_Archive3DModels.archive_3d_models 150:Remapping: ${KICAD9_3DMODEL_DIR}/Package_SO.3dshapes/SOP-4_3.8x4.1mm_P2.54mm.step
04-22 18:05:47 com_github_MitjaNemec_Archive3DModels.archive_3d_models 51:Getting 3D models for footprint of: R112
04-22 18:05:47 com_github_MitjaNemec_Archive3DModels.archive_3d_models 63:Trying to copy: ${KICAD9_3DMODEL_DIR}/Resistor_SMD.3dshapes/R_0603_1608Metric.step
04-22 18:05:47 com_github_MitjaNemec_Archive3DModels.archive_3d_models 150:Remapping: ${KICAD9_3DMODEL_DIR}/Resistor_SMD.3dshapes/R_0603_1608Metric.step
04-22 18:05:47 com_github_MitjaNemec_Archive3DModels.archive_3d_models 51:Getting 3D models for footprint of: U21
04-22 18:05:47 com_github_MitjaNemec_Archive3DModels.archive_3d_models 63:Trying to copy: ${KICAD9_3DMODEL_DIR}/Package_SO.3dshapes/SOP-4_3.8x4.1mm_P2.54mm.step
04-22 18:05:47 com_github_MitjaNemec_Archive3DModels.archive_3d_models 150:Remapping: ${KICAD9_3DMODEL_DIR}/Package_SO.3dshapes/SOP-4_3.8x4.1mm_P2.54mm.step
04-22 18:05:47 com_github_MitjaNemec_Archive3DModels.archive_3d_models 51:Getting 3D models for footprint of: R109
04-22 18:05:47 com_github_MitjaNemec_Archive3DModels.archive_3d_models 63:Trying to copy: ${KICAD9_3DMODEL_DIR}/Resistor_SMD.3dshapes/R_0603_1608Metric.step
04-22 18:05:47 com_github_MitjaNemec_Archive3DModels.archive_3d_models 150:Remapping: ${KICAD9_3DMODEL_DIR}/Resistor_SMD.3dshapes/R_0603_1608Metric.step
04-22 18:05:47 com_github_MitjaNemec_Archive3DModels.archive_3d_models 51:Getting 3D models for footprint of: R30
04-22 18:05:47 com_github_MitjaNemec_Archive3DModels.archive_3d_models 63:Trying to copy: ${KICAD9_3DMODEL_DIR}/Resistor_SMD.3dshapes/R_0603_1608Metric.step
04-22 18:05:47 com_github_MitjaNemec_Archive3DModels.archive_3d_models 150:Remapping: ${KICAD9_3DMODEL_DIR}/Resistor_SMD.3dshapes/R_0603_1608Metric.step
04-22 18:05:47 com_github_MitjaNemec_Archive3DModels.archive_3d_models 51:Getting 3D models for footprint of: C13
04-22 18:05:47 com_github_MitjaNemec_Archive3DModels.archive_3d_models 63:Trying to copy: ${KICAD9_3DMODEL_DIR}/Capacitor_SMD.3dshapes/C_0603_1608Metric.step
04-22 18:05:47 com_github_MitjaNemec_Archive3DModels.archive_3d_models 150:Remapping: ${KICAD9_3DMODEL_DIR}/Capacitor_SMD.3dshapes/C_0603_1608Metric.step
04-22 18:05:47 com_github_MitjaNemec_Archive3DModels.archive_3d_models 51:Getting 3D models for footprint of: R66
04-22 18:05:47 com_github_MitjaNemec_Archive3DModels.archive_3d_models 63:Trying to copy: ${KICAD9_3DMODEL_DIR}/Resistor_SMD.3dshapes/R_0603_1608Metric.step
04-22 18:05:47 com_github_MitjaNemec_Archive3DModels.archive_3d_models 150:Remapping: ${KICAD9_3DMODEL_DIR}/Resistor_SMD.3dshapes/R_0603_1608Metric.step
04-22 18:05:47 com_github_MitjaNemec_Archive3DModels.archive_3d_models 51:Getting 3D models for footprint of: R23
04-22 18:05:47 com_github_MitjaNemec_Archive3DModels.archive_3d_models 63:Trying to copy: ${KICAD9_3DMODEL_DIR}/Resistor_SMD.3dshapes/R_0603_1608Metric.step
04-22 18:05:47 com_github_MitjaNemec_Archive3DModels.archive_3d_models 150:Remapping: ${KICAD9_3DMODEL_DIR}/Resistor_SMD.3dshapes/R_0603_1608Metric.step
04-22 18:05:47 com_github_MitjaNemec_Archive3DModels.archive_3d_models 51:Getting 3D models for footprint of: R138
04-22 18:05:47 com_github_MitjaNemec_Archive3DModels.archive_3d_models 63:Trying to copy: ${KICAD9_3DMODEL_DIR}/Resistor_SMD.3dshapes/R_0603_1608Metric.step
04-22 18:05:47 com_github_MitjaNemec_Archive3DModels.archive_3d_models 150:Remapping: ${KICAD9_3DMODEL_DIR}/Resistor_SMD.3dshapes/R_0603_1608Metric.step
04-22 18:05:47 com_github_MitjaNemec_Archive3DModels.archive_3d_models 51:Getting 3D models for footprint of: FB5
04-22 18:05:47 com_github_MitjaNemec_Archive3DModels.archive_3d_models 63:Trying to copy: ${KICAD9_3DMODEL_DIR}/Inductor_SMD.3dshapes/L_0603_1608Metric.step
04-22 18:05:47 com_github_MitjaNemec_Archive3DModels.archive_3d_models 150:Remapping: ${KICAD9_3DMODEL_DIR}/Inductor_SMD.3dshapes/L_0603_1608Metric.step
04-22 18:05:47 com_github_MitjaNemec_Archive3DModels.archive_3d_models 51:Getting 3D models for footprint of: C25
04-22 18:05:47 com_github_MitjaNemec_Archive3DModels.archive_3d_models 63:Trying to copy: ${KICAD9_3DMODEL_DIR}/Capacitor_SMD.3dshapes/C_0603_1608Metric.step
04-22 18:05:47 com_github_MitjaNemec_Archive3DModels.archive_3d_models 150:Remapping: ${KICAD9_3DMODEL_DIR}/Capacitor_SMD.3dshapes/C_0603_1608Metric.step
04-22 18:05:47 com_github_MitjaNemec_Archive3DModels.archive_3d_models 51:Getting 3D models for footprint of: U54
04-22 18:05:47 com_github_MitjaNemec_Archive3DModels.archive_3d_models 63:Trying to copy: ${KICAD9_3DMODEL_DIR}/Package_SO.3dshapes/SOP-4_3.8x4.1mm_P2.54mm.step
04-22 18:05:47 com_github_MitjaNemec_Archive3DModels.archive_3d_models 150:Remapping: ${KICAD9_3DMODEL_DIR}/Package_SO.3dshapes/SOP-4_3.8x4.1mm_P2.54mm.step
04-22 18:05:47 com_github_MitjaNemec_Archive3DModels.archive_3d_models 51:Getting 3D models for footprint of: H1
04-22 18:05:47 com_github_MitjaNemec_Archive3DModels.archive_3d_models 51:Getting 3D models for footprint of: R102
04-22 18:05:47 com_github_MitjaNemec_Archive3DModels.archive_3d_models 63:Trying to copy: ${KICAD9_3DMODEL_DIR}/Resistor_SMD.3dshapes/R_0603_1608Metric.step
04-22 18:05:47 com_github_MitjaNemec_Archive3DModels.archive_3d_models 150:Remapping: ${KICAD9_3DMODEL_DIR}/Resistor_SMD.3dshapes/R_0603_1608Metric.step
04-22 18:05:47 com_github_MitjaNemec_Archive3DModels.archive_3d_models 51:Getting 3D models for footprint of: U61
04-22 18:05:47 com_github_MitjaNemec_Archive3DModels.archive_3d_models 63:Trying to copy: ${KICAD9_3DMODEL_DIR}/Package_TO_SOT_SMD.3dshapes/SOT-363_SC-70-6.step
04-22 18:05:47 com_github_MitjaNemec_Archive3DModels.archive_3d_models 150:Remapping: ${KICAD9_3DMODEL_DIR}/Package_TO_SOT_SMD.3dshapes/SOT-363_SC-70-6.step
04-22 18:05:47 com_github_MitjaNemec_Archive3DModels.archive_3d_models 51:Getting 3D models for footprint of: IC4
04-22 18:05:47 com_github_MitjaNemec_Archive3DModels.archive_3d_models 63:Trying to copy: D:/KiCad/9.0/share/kicad/SemacSys/SamacSys_Parts.3dshapes/TS3021ILT.stp
04-22 18:05:47 com_github_MitjaNemec_Archive3DModels.archive_3d_models 150:Remapping: D:/KiCad/9.0/share/kicad/SemacSys/SamacSys_Parts.3dshapes/TS3021ILT.stp
04-22 18:05:47 com_github_MitjaNemec_Archive3DModels.archive_3d_models 51:Getting 3D models for footprint of: R14
04-22 18:05:47 com_github_MitjaNemec_Archive3DModels.archive_3d_models 63:Trying to copy: ${KICAD9_3DMODEL_DIR}/Resistor_SMD.3dshapes/R_0603_1608Metric.step
04-22 18:05:47 com_github_MitjaNemec_Archive3DModels.archive_3d_models 150:Remapping: ${KICAD9_3DMODEL_DIR}/Resistor_SMD.3dshapes/R_0603_1608Metric.step
04-22 18:05:47 com_github_MitjaNemec_Archive3DModels.archive_3d_models 51:Getting 3D models for footprint of: R95
04-22 18:05:47 com_github_MitjaNemec_Archive3DModels.archive_3d_models 63:Trying to copy: ${KICAD9_3DMODEL_DIR}/Resistor_SMD.3dshapes/R_0603_1608Metric.step
04-22 18:05:47 com_github_MitjaNemec_Archive3DModels.archive_3d_models 150:Remapping: ${KICAD9_3DMODEL_DIR}/Resistor_SMD.3dshapes/R_0603_1608Metric.step
04-22 18:05:47 com_github_MitjaNemec_Archive3DModels.archive_3d_models 51:Getting 3D models for footprint of: FB28
04-22 18:05:47 com_github_MitjaNemec_Archive3DModels.archive_3d_models 63:Trying to copy: ${KICAD9_3DMODEL_DIR}/Inductor_SMD.3dshapes/L_0603_1608Metric.step
04-22 18:05:47 com_github_MitjaNemec_Archive3DModels.archive_3d_models 150:Remapping: ${KICAD9_3DMODEL_DIR}/Inductor_SMD.3dshapes/L_0603_1608Metric.step
04-22 18:05:47 com_github_MitjaNemec_Archive3DModels.archive_3d_models 51:Getting 3D models for footprint of: FB13
04-22 18:05:47 com_github_MitjaNemec_Archive3DModels.archive_3d_models 63:Trying to copy: ${KICAD9_3DMODEL_DIR}/Inductor_SMD.3dshapes/L_0603_1608Metric.step
04-22 18:05:47 com_github_MitjaNemec_Archive3DModels.archive_3d_models 150:Remapping: ${KICAD9_3DMODEL_DIR}/Inductor_SMD.3dshapes/L_0603_1608Metric.step
04-22 18:05:47 com_github_MitjaNemec_Archive3DModels.archive_3d_models 51:Getting 3D models for footprint of: R99
04-22 18:05:47 com_github_MitjaNemec_Archive3DModels.archive_3d_models 63:Trying to copy: ${KICAD9_3DMODEL_DIR}/Resistor_SMD.3dshapes/R_0603_1608Metric.step
04-22 18:05:47 com_github_MitjaNemec_Archive3DModels.archive_3d_models 150:Remapping: ${KICAD9_3DMODEL_DIR}/Resistor_SMD.3dshapes/R_0603_1608Metric.step
04-22 18:05:47 com_github_MitjaNemec_Archive3DModels.archive_3d_models 51:Getting 3D models for footprint of: C12
04-22 18:05:47 com_github_MitjaNemec_Archive3DModels.archive_3d_models 63:Trying to copy: ${KICAD9_3DMODEL_DIR}/Capacitor_SMD.3dshapes/C_0603_1608Metric.step
04-22 18:05:48 com_github_MitjaNemec_Archive3DModels.archive_3d_models 150:Remapping: ${KICAD9_3DMODEL_DIR}/Capacitor_SMD.3dshapes/C_0603_1608Metric.step
04-22 18:05:48 com_github_MitjaNemec_Archive3DModels.archive_3d_models 51:Getting 3D models for footprint of: R26
04-22 18:05:48 com_github_MitjaNemec_Archive3DModels.archive_3d_models 63:Trying to copy: ${KICAD9_3DMODEL_DIR}/Resistor_SMD.3dshapes/R_0603_1608Metric.step
04-22 18:05:48 com_github_MitjaNemec_Archive3DModels.archive_3d_models 150:Remapping: ${KICAD9_3DMODEL_DIR}/Resistor_SMD.3dshapes/R_0603_1608Metric.step
04-22 18:05:48 com_github_MitjaNemec_Archive3DModels.archive_3d_models 51:Getting 3D models for footprint of: FB27
04-22 18:05:48 com_github_MitjaNemec_Archive3DModels.archive_3d_models 63:Trying to copy: ${KICAD9_3DMODEL_DIR}/Inductor_SMD.3dshapes/L_0603_1608Metric.step
04-22 18:05:48 com_github_MitjaNemec_Archive3DModels.archive_3d_models 150:Remapping: ${KICAD9_3DMODEL_DIR}/Inductor_SMD.3dshapes/L_0603_1608Metric.step
04-22 18:05:48 com_github_MitjaNemec_Archive3DModels.archive_3d_models 51:Getting 3D models for footprint of: R19
04-22 18:05:48 com_github_MitjaNemec_Archive3DModels.archive_3d_models 63:Trying to copy: ${KICAD9_3DMODEL_DIR}/Resistor_SMD.3dshapes/R_0603_1608Metric.step
04-22 18:05:48 com_github_MitjaNemec_Archive3DModels.archive_3d_models 150:Remapping: ${KICAD9_3DMODEL_DIR}/Resistor_SMD.3dshapes/R_0603_1608Metric.step
04-22 18:05:48 com_github_MitjaNemec_Archive3DModels.archive_3d_models 51:Getting 3D models for footprint of: FB21
04-22 18:05:48 com_github_MitjaNemec_Archive3DModels.archive_3d_models 63:Trying to copy: ${KICAD9_3DMODEL_DIR}/Inductor_SMD.3dshapes/L_0603_1608Metric.step
04-22 18:05:48 com_github_MitjaNemec_Archive3DModels.archive_3d_models 150:Remapping: ${KICAD9_3DMODEL_DIR}/Inductor_SMD.3dshapes/L_0603_1608Metric.step
04-22 18:05:48 com_github_MitjaNemec_Archive3DModels.archive_3d_models 51:Getting 3D models for footprint of: R20
04-22 18:05:48 com_github_MitjaNemec_Archive3DModels.archive_3d_models 63:Trying to copy: ${KICAD9_3DMODEL_DIR}/Resistor_SMD.3dshapes/R_0603_1608Metric.step
04-22 18:05:48 com_github_MitjaNemec_Archive3DModels.archive_3d_models 150:Remapping: ${KICAD9_3DMODEL_DIR}/Resistor_SMD.3dshapes/R_0603_1608Metric.step
04-22 18:05:48 com_github_MitjaNemec_Archive3DModels.archive_3d_models 51:Getting 3D models for footprint of: R199
04-22 18:05:48 com_github_MitjaNemec_Archive3DModels.archive_3d_models 63:Trying to copy: ${KICAD9_3DMODEL_DIR}/Resistor_SMD.3dshapes/R_0603_1608Metric.step
04-22 18:05:48 com_github_MitjaNemec_Archive3DModels.archive_3d_models 150:Remapping: ${KICAD9_3DMODEL_DIR}/Resistor_SMD.3dshapes/R_0603_1608Metric.step
04-22 18:05:48 com_github_MitjaNemec_Archive3DModels.archive_3d_models 51:Getting 3D models for footprint of: IC9
04-22 18:05:48 com_github_MitjaNemec_Archive3DModels.archive_3d_models 63:Trying to copy: D:/KiCad/9.0/share/kicad/SemacSys/SamacSys_Parts.3dshapes/TS3021ILT.stp
04-22 18:05:48 com_github_MitjaNemec_Archive3DModels.archive_3d_models 150:Remapping: D:/KiCad/9.0/share/kicad/SemacSys/SamacSys_Parts.3dshapes/TS3021ILT.stp
04-22 18:05:48 com_github_MitjaNemec_Archive3DModels.archive_3d_models 51:Getting 3D models for footprint of: R122
04-22 18:05:48 com_github_MitjaNemec_Archive3DModels.archive_3d_models 63:Trying to copy: ${KICAD9_3DMODEL_DIR}/Resistor_SMD.3dshapes/R_0603_1608Metric.step
04-22 18:05:48 com_github_MitjaNemec_Archive3DModels.archive_3d_models 150:Remapping: ${KICAD9_3DMODEL_DIR}/Resistor_SMD.3dshapes/R_0603_1608Metric.step
04-22 18:05:48 com_github_MitjaNemec_Archive3DModels.archive_3d_models 51:Getting 3D models for footprint of: R68
04-22 18:05:48 com_github_MitjaNemec_Archive3DModels.archive_3d_models 63:Trying to copy: ${KICAD9_3DMODEL_DIR}/Resistor_SMD.3dshapes/R_0603_1608Metric.step
04-22 18:05:48 com_github_MitjaNemec_Archive3DModels.archive_3d_models 150:Remapping: ${KICAD9_3DMODEL_DIR}/Resistor_SMD.3dshapes/R_0603_1608Metric.step
04-22 18:05:48 com_github_MitjaNemec_Archive3DModels.archive_3d_models 51:Getting 3D models for footprint of: FB30
04-22 18:05:48 com_github_MitjaNemec_Archive3DModels.archive_3d_models 63:Trying to copy: ${KICAD9_3DMODEL_DIR}/Inductor_SMD.3dshapes/L_0603_1608Metric.step
04-22 18:05:48 com_github_MitjaNemec_Archive3DModels.archive_3d_models 150:Remapping: ${KICAD9_3DMODEL_DIR}/Inductor_SMD.3dshapes/L_0603_1608Metric.step
04-22 18:05:48 com_github_MitjaNemec_Archive3DModels.archive_3d_models 51:Getting 3D models for footprint of: R16
04-22 18:05:48 com_github_MitjaNemec_Archive3DModels.archive_3d_models 63:Trying to copy: ${KICAD9_3DMODEL_DIR}/Resistor_SMD.3dshapes/R_0603_1608Metric.step
04-22 18:05:48 com_github_MitjaNemec_Archive3DModels.archive_3d_models 150:Remapping: ${KICAD9_3DMODEL_DIR}/Resistor_SMD.3dshapes/R_0603_1608Metric.step
04-22 18:05:48 com_github_MitjaNemec_Archive3DModels.archive_3d_models 51:Getting 3D models for footprint of: R150
04-22 18:05:48 com_github_MitjaNemec_Archive3DModels.archive_3d_models 63:Trying to copy: ${KICAD9_3DMODEL_DIR}/Resistor_SMD.3dshapes/R_0603_1608Metric.step
04-22 18:05:48 com_github_MitjaNemec_Archive3DModels.archive_3d_models 150:Remapping: ${KICAD9_3DMODEL_DIR}/Resistor_SMD.3dshapes/R_0603_1608Metric.step
04-22 18:05:48 com_github_MitjaNemec_Archive3DModels.archive_3d_models 51:Getting 3D models for footprint of: R3
04-22 18:05:48 com_github_MitjaNemec_Archive3DModels.archive_3d_models 63:Trying to copy: ${KICAD9_3DMODEL_DIR}/Resistor_SMD.3dshapes/R_0603_1608Metric.step
04-22 18:05:48 com_github_MitjaNemec_Archive3DModels.archive_3d_models 150:Remapping: ${KICAD9_3DMODEL_DIR}/Resistor_SMD.3dshapes/R_0603_1608Metric.step
04-22 18:05:48 com_github_MitjaNemec_Archive3DModels.archive_3d_models 51:Getting 3D models for footprint of: C62
04-22 18:05:48 com_github_MitjaNemec_Archive3DModels.archive_3d_models 63:Trying to copy: ${KICAD9_3DMODEL_DIR}/Capacitor_SMD.3dshapes/C_0603_1608Metric.step
04-22 18:05:48 com_github_MitjaNemec_Archive3DModels.archive_3d_models 150:Remapping: ${KICAD9_3DMODEL_DIR}/Capacitor_SMD.3dshapes/C_0603_1608Metric.step
04-22 18:05:48 com_github_MitjaNemec_Archive3DModels.archive_3d_models 51:Getting 3D models for footprint of: U18
04-22 18:05:48 com_github_MitjaNemec_Archive3DModels.archive_3d_models 63:Trying to copy: ${KICAD9_3DMODEL_DIR}/Converter_DCDC.3dshapes/Converter_DCDC_Murata_CRE1xxxxxx3C_THT.step
04-22 18:05:48 com_github_MitjaNemec_Archive3DModels.archive_3d_models 150:Remapping: ${KICAD9_3DMODEL_DIR}/Converter_DCDC.3dshapes/Converter_DCDC_Murata_CRE1xxxxxx3C_THT.step
04-22 18:05:48 com_github_MitjaNemec_Archive3DModels.archive_3d_models 51:Getting 3D models for footprint of: R200
04-22 18:05:48 com_github_MitjaNemec_Archive3DModels.archive_3d_models 63:Trying to copy: ${KICAD9_3DMODEL_DIR}/Resistor_SMD.3dshapes/R_0603_1608Metric.step
04-22 18:05:48 com_github_MitjaNemec_Archive3DModels.archive_3d_models 150:Remapping: ${KICAD9_3DMODEL_DIR}/Resistor_SMD.3dshapes/R_0603_1608Metric.step
04-22 18:05:48 com_github_MitjaNemec_Archive3DModels.archive_3d_models 51:Getting 3D models for footprint of: U7
04-22 18:05:48 com_github_MitjaNemec_Archive3DModels.archive_3d_models 63:Trying to copy: ${KICAD9_3DMODEL_DIR}/Package_SO.3dshapes/SOP-4_3.8x4.1mm_P2.54mm.step
04-22 18:05:48 com_github_MitjaNemec_Archive3DModels.archive_3d_models 150:Remapping: ${KICAD9_3DMODEL_DIR}/Package_SO.3dshapes/SOP-4_3.8x4.1mm_P2.54mm.step
04-22 18:05:48 com_github_MitjaNemec_Archive3DModels.archive_3d_models 51:Getting 3D models for footprint of: U16
04-22 18:05:48 com_github_MitjaNemec_Archive3DModels.archive_3d_models 63:Trying to copy: ${KICAD9_3DMODEL_DIR}/Package_TO_SOT_SMD.3dshapes/SOT-363_SC-70-6.step
04-22 18:05:48 com_github_MitjaNemec_Archive3DModels.archive_3d_models 150:Remapping: ${KICAD9_3DMODEL_DIR}/Package_TO_SOT_SMD.3dshapes/SOT-363_SC-70-6.step
04-22 18:05:48 com_github_MitjaNemec_Archive3DModels.archive_3d_models 51:Getting 3D models for footprint of: C42
04-22 18:05:48 com_github_MitjaNemec_Archive3DModels.archive_3d_models 63:Trying to copy: ${KICAD9_3DMODEL_DIR}/Capacitor_SMD.3dshapes/C_0603_1608Metric.step
04-22 18:05:48 com_github_MitjaNemec_Archive3DModels.archive_3d_models 150:Remapping: ${KICAD9_3DMODEL_DIR}/Capacitor_SMD.3dshapes/C_0603_1608Metric.step
04-22 18:05:48 com_github_MitjaNemec_Archive3DModels.archive_3d_models 51:Getting 3D models for footprint of: U24
04-22 18:05:48 com_github_MitjaNemec_Archive3DModels.archive_3d_models 63:Trying to copy: ${KICAD9_3DMODEL_DIR}/Package_SO.3dshapes/SOP-4_3.8x4.1mm_P2.54mm.step
04-22 18:05:48 com_github_MitjaNemec_Archive3DModels.archive_3d_models 150:Remapping: ${KICAD9_3DMODEL_DIR}/Package_SO.3dshapes/SOP-4_3.8x4.1mm_P2.54mm.step
04-22 18:05:48 com_github_MitjaNemec_Archive3DModels.archive_3d_models 51:Getting 3D models for footprint of: R56
04-22 18:05:48 com_github_MitjaNemec_Archive3DModels.archive_3d_models 63:Trying to copy: ${KICAD9_3DMODEL_DIR}/Resistor_SMD.3dshapes/R_0603_1608Metric.step
04-22 18:05:48 com_github_MitjaNemec_Archive3DModels.archive_3d_models 150:Remapping: ${KICAD9_3DMODEL_DIR}/Resistor_SMD.3dshapes/R_0603_1608Metric.step
04-22 18:05:48 com_github_MitjaNemec_Archive3DModels.archive_3d_models 51:Getting 3D models for footprint of: R194
04-22 18:05:48 com_github_MitjaNemec_Archive3DModels.archive_3d_models 63:Trying to copy: ${KICAD9_3DMODEL_DIR}/Resistor_SMD.3dshapes/R_0603_1608Metric.step
04-22 18:05:48 com_github_MitjaNemec_Archive3DModels.archive_3d_models 150:Remapping: ${KICAD9_3DMODEL_DIR}/Resistor_SMD.3dshapes/R_0603_1608Metric.step
04-22 18:05:48 com_github_MitjaNemec_Archive3DModels.archive_3d_models 51:Getting 3D models for footprint of: C50
04-22 18:05:48 com_github_MitjaNemec_Archive3DModels.archive_3d_models 63:Trying to copy: ${KICAD9_3DMODEL_DIR}/Capacitor_SMD.3dshapes/C_0603_1608Metric.step
04-22 18:05:48 com_github_MitjaNemec_Archive3DModels.archive_3d_models 150:Remapping: ${KICAD9_3DMODEL_DIR}/Capacitor_SMD.3dshapes/C_0603_1608Metric.step
04-22 18:05:48 com_github_MitjaNemec_Archive3DModels.archive_3d_models 51:Getting 3D models for footprint of: R123
04-22 18:05:48 com_github_MitjaNemec_Archive3DModels.archive_3d_models 63:Trying to copy: ${KICAD9_3DMODEL_DIR}/Resistor_SMD.3dshapes/R_0603_1608Metric.step
04-22 18:05:48 com_github_MitjaNemec_Archive3DModels.archive_3d_models 150:Remapping: ${KICAD9_3DMODEL_DIR}/Resistor_SMD.3dshapes/R_0603_1608Metric.step
04-22 18:05:48 com_github_MitjaNemec_Archive3DModels.archive_3d_models 51:Getting 3D models for footprint of: R43
04-22 18:05:48 com_github_MitjaNemec_Archive3DModels.archive_3d_models 63:Trying to copy: ${KICAD9_3DMODEL_DIR}/Resistor_SMD.3dshapes/R_0603_1608Metric.step
04-22 18:05:48 com_github_MitjaNemec_Archive3DModels.archive_3d_models 150:Remapping: ${KICAD9_3DMODEL_DIR}/Resistor_SMD.3dshapes/R_0603_1608Metric.step
04-22 18:05:48 com_github_MitjaNemec_Archive3DModels.archive_3d_models 51:Getting 3D models for footprint of: R94
04-22 18:05:48 com_github_MitjaNemec_Archive3DModels.archive_3d_models 63:Trying to copy: ${KICAD9_3DMODEL_DIR}/Resistor_SMD.3dshapes/R_0603_1608Metric.step
04-22 18:05:48 com_github_MitjaNemec_Archive3DModels.archive_3d_models 150:Remapping: ${KICAD9_3DMODEL_DIR}/Resistor_SMD.3dshapes/R_0603_1608Metric.step
04-22 18:05:48 com_github_MitjaNemec_Archive3DModels.archive_3d_models 51:Getting 3D models for footprint of: R52
04-22 18:05:48 com_github_MitjaNemec_Archive3DModels.archive_3d_models 63:Trying to copy: ${KICAD9_3DMODEL_DIR}/Resistor_SMD.3dshapes/R_0603_1608Metric.step
04-22 18:05:48 com_github_MitjaNemec_Archive3DModels.archive_3d_models 150:Remapping: ${KICAD9_3DMODEL_DIR}/Resistor_SMD.3dshapes/R_0603_1608Metric.step
04-22 18:05:48 com_github_MitjaNemec_Archive3DModels.archive_3d_models 51:Getting 3D models for footprint of: R92
04-22 18:05:48 com_github_MitjaNemec_Archive3DModels.archive_3d_models 63:Trying to copy: ${KICAD9_3DMODEL_DIR}/Resistor_SMD.3dshapes/R_0603_1608Metric.step
04-22 18:05:48 com_github_MitjaNemec_Archive3DModels.archive_3d_models 150:Remapping: ${KICAD9_3DMODEL_DIR}/Resistor_SMD.3dshapes/R_0603_1608Metric.step
04-22 18:05:48 com_github_MitjaNemec_Archive3DModels.archive_3d_models 51:Getting 3D models for footprint of: R188
04-22 18:05:48 com_github_MitjaNemec_Archive3DModels.archive_3d_models 63:Trying to copy: ${KICAD9_3DMODEL_DIR}/Resistor_SMD.3dshapes/R_0603_1608Metric.step
04-22 18:05:48 com_github_MitjaNemec_Archive3DModels.archive_3d_models 150:Remapping: ${KICAD9_3DMODEL_DIR}/Resistor_SMD.3dshapes/R_0603_1608Metric.step
04-22 18:05:48 com_github_MitjaNemec_Archive3DModels.archive_3d_models 51:Getting 3D models for footprint of: R21
04-22 18:05:48 com_github_MitjaNemec_Archive3DModels.archive_3d_models 63:Trying to copy: ${KICAD9_3DMODEL_DIR}/Resistor_SMD.3dshapes/R_0603_1608Metric.step
04-22 18:05:48 com_github_MitjaNemec_Archive3DModels.archive_3d_models 150:Remapping: ${KICAD9_3DMODEL_DIR}/Resistor_SMD.3dshapes/R_0603_1608Metric.step
04-22 18:05:48 com_github_MitjaNemec_Archive3DModels.archive_3d_models 51:Getting 3D models for footprint of: FB14
04-22 18:05:48 com_github_MitjaNemec_Archive3DModels.archive_3d_models 63:Trying to copy: ${KICAD9_3DMODEL_DIR}/Inductor_SMD.3dshapes/L_0603_1608Metric.step
04-22 18:05:48 com_github_MitjaNemec_Archive3DModels.archive_3d_models 150:Remapping: ${KICAD9_3DMODEL_DIR}/Inductor_SMD.3dshapes/L_0603_1608Metric.step
04-22 18:05:48 com_github_MitjaNemec_Archive3DModels.archive_3d_models 51:Getting 3D models for footprint of: R9
04-22 18:05:48 com_github_MitjaNemec_Archive3DModels.archive_3d_models 63:Trying to copy: ${KICAD9_3DMODEL_DIR}/Resistor_SMD.3dshapes/R_0603_1608Metric.step
04-22 18:05:48 com_github_MitjaNemec_Archive3DModels.archive_3d_models 150:Remapping: ${KICAD9_3DMODEL_DIR}/Resistor_SMD.3dshapes/R_0603_1608Metric.step
04-22 18:05:48 com_github_MitjaNemec_Archive3DModels.archive_3d_models 51:Getting 3D models for footprint of: R47
04-22 18:05:48 com_github_MitjaNemec_Archive3DModels.archive_3d_models 63:Trying to copy: ${KICAD9_3DMODEL_DIR}/Resistor_SMD.3dshapes/R_0603_1608Metric.step
04-22 18:05:48 com_github_MitjaNemec_Archive3DModels.archive_3d_models 150:Remapping: ${KICAD9_3DMODEL_DIR}/Resistor_SMD.3dshapes/R_0603_1608Metric.step
04-22 18:05:48 com_github_MitjaNemec_Archive3DModels.archive_3d_models 51:Getting 3D models for footprint of: IC6
04-22 18:05:48 com_github_MitjaNemec_Archive3DModels.archive_3d_models 63:Trying to copy: D:/KiCad/9.0/share/kicad/SemacSys/SamacSys_Parts.3dshapes/TS3021ILT.stp
04-22 18:05:48 com_github_MitjaNemec_Archive3DModels.archive_3d_models 150:Remapping: D:/KiCad/9.0/share/kicad/SemacSys/SamacSys_Parts.3dshapes/TS3021ILT.stp
04-22 18:05:48 com_github_MitjaNemec_Archive3DModels.archive_3d_models 51:Getting 3D models for footprint of: U56
04-22 18:05:48 com_github_MitjaNemec_Archive3DModels.archive_3d_models 63:Trying to copy: ${KICAD9_3DMODEL_DIR}/Package_SO.3dshapes/SOIC-16W_7.5x10.3mm_P1.27mm.step
04-22 18:05:48 com_github_MitjaNemec_Archive3DModels.archive_3d_models 150:Remapping: ${KICAD9_3DMODEL_DIR}/Package_SO.3dshapes/SOIC-16W_7.5x10.3mm_P1.27mm.step
04-22 18:05:48 com_github_MitjaNemec_Archive3DModels.archive_3d_models 51:Getting 3D models for footprint of: U6
04-22 18:05:48 com_github_MitjaNemec_Archive3DModels.archive_3d_models 63:Trying to copy: ${KICAD9_3DMODEL_DIR}/Package_SO.3dshapes/SOP-4_3.8x4.1mm_P2.54mm.step
04-22 18:05:48 com_github_MitjaNemec_Archive3DModels.archive_3d_models 150:Remapping: ${KICAD9_3DMODEL_DIR}/Package_SO.3dshapes/SOP-4_3.8x4.1mm_P2.54mm.step
04-22 18:05:48 com_github_MitjaNemec_Archive3DModels.archive_3d_models 51:Getting 3D models for footprint of: R131
04-22 18:05:48 com_github_MitjaNemec_Archive3DModels.archive_3d_models 63:Trying to copy: ${KICAD9_3DMODEL_DIR}/Resistor_SMD.3dshapes/R_0603_1608Metric.step
04-22 18:05:48 com_github_MitjaNemec_Archive3DModels.archive_3d_models 150:Remapping: ${KICAD9_3DMODEL_DIR}/Resistor_SMD.3dshapes/R_0603_1608Metric.step
04-22 18:05:48 com_github_MitjaNemec_Archive3DModels.archive_3d_models 51:Getting 3D models for footprint of: C60
04-22 18:05:48 com_github_MitjaNemec_Archive3DModels.archive_3d_models 63:Trying to copy: ${KICAD9_3DMODEL_DIR}/Capacitor_SMD.3dshapes/C_0603_1608Metric.step
04-22 18:05:48 com_github_MitjaNemec_Archive3DModels.archive_3d_models 150:Remapping: ${KICAD9_3DMODEL_DIR}/Capacitor_SMD.3dshapes/C_0603_1608Metric.step
04-22 18:05:48 com_github_MitjaNemec_Archive3DModels.archive_3d_models 51:Getting 3D models for footprint of: C22
04-22 18:05:48 com_github_MitjaNemec_Archive3DModels.archive_3d_models 63:Trying to copy: ${KICAD9_3DMODEL_DIR}/Capacitor_SMD.3dshapes/C_0603_1608Metric.step
04-22 18:05:48 com_github_MitjaNemec_Archive3DModels.archive_3d_models 150:Remapping: ${KICAD9_3DMODEL_DIR}/Capacitor_SMD.3dshapes/C_0603_1608Metric.step
04-22 18:05:48 com_github_MitjaNemec_Archive3DModels.archive_3d_models 51:Getting 3D models for footprint of: U30
04-22 18:05:48 com_github_MitjaNemec_Archive3DModels.archive_3d_models 63:Trying to copy: ${KICAD9_3DMODEL_DIR}/Package_SO.3dshapes/SOP-4_3.8x4.1mm_P2.54mm.step
04-22 18:05:48 com_github_MitjaNemec_Archive3DModels.archive_3d_models 150:Remapping: ${KICAD9_3DMODEL_DIR}/Package_SO.3dshapes/SOP-4_3.8x4.1mm_P2.54mm.step
04-22 18:05:48 com_github_MitjaNemec_Archive3DModels.archive_3d_models 51:Getting 3D models for footprint of: U41
04-22 18:05:48 com_github_MitjaNemec_Archive3DModels.archive_3d_models 63:Trying to copy: ${KICAD9_3DMODEL_DIR}/Package_SO.3dshapes/SOP-4_3.8x4.1mm_P2.54mm.step
04-22 18:05:48 com_github_MitjaNemec_Archive3DModels.archive_3d_models 150:Remapping: ${KICAD9_3DMODEL_DIR}/Package_SO.3dshapes/SOP-4_3.8x4.1mm_P2.54mm.step
04-22 18:05:48 com_github_MitjaNemec_Archive3DModels.archive_3d_models 51:Getting 3D models for footprint of: C43
04-22 18:05:48 com_github_MitjaNemec_Archive3DModels.archive_3d_models 63:Trying to copy: ${KICAD9_3DMODEL_DIR}/Capacitor_SMD.3dshapes/C_0603_1608Metric.step
04-22 18:05:48 com_github_MitjaNemec_Archive3DModels.archive_3d_models 150:Remapping: ${KICAD9_3DMODEL_DIR}/Capacitor_SMD.3dshapes/C_0603_1608Metric.step
04-22 18:05:48 com_github_MitjaNemec_Archive3DModels.archive_3d_models 51:Getting 3D models for footprint of: R86
04-22 18:05:48 com_github_MitjaNemec_Archive3DModels.archive_3d_models 63:Trying to copy: ${KICAD9_3DMODEL_DIR}/Resistor_SMD.3dshapes/R_0603_1608Metric.step
04-22 18:05:48 com_github_MitjaNemec_Archive3DModels.archive_3d_models 150:Remapping: ${KICAD9_3DMODEL_DIR}/Resistor_SMD.3dshapes/R_0603_1608Metric.step
04-22 18:05:48 com_github_MitjaNemec_Archive3DModels.archive_3d_models 51:Getting 3D models for footprint of: R91
04-22 18:05:48 com_github_MitjaNemec_Archive3DModels.archive_3d_models 63:Trying to copy: ${KICAD9_3DMODEL_DIR}/Resistor_SMD.3dshapes/R_0603_1608Metric.step
04-22 18:05:48 com_github_MitjaNemec_Archive3DModels.archive_3d_models 150:Remapping: ${KICAD9_3DMODEL_DIR}/Resistor_SMD.3dshapes/R_0603_1608Metric.step
04-22 18:05:48 com_github_MitjaNemec_Archive3DModels.archive_3d_models 51:Getting 3D models for footprint of: U38
04-22 18:05:48 com_github_MitjaNemec_Archive3DModels.archive_3d_models 63:Trying to copy: ${KICAD9_3DMODEL_DIR}/Package_SO.3dshapes/SOP-4_3.8x4.1mm_P2.54mm.step
04-22 18:05:48 com_github_MitjaNemec_Archive3DModels.archive_3d_models 150:Remapping: ${KICAD9_3DMODEL_DIR}/Package_SO.3dshapes/SOP-4_3.8x4.1mm_P2.54mm.step
04-22 18:05:48 com_github_MitjaNemec_Archive3DModels.archive_3d_models 51:Getting 3D models for footprint of: R101
04-22 18:05:48 com_github_MitjaNemec_Archive3DModels.archive_3d_models 63:Trying to copy: ${KICAD9_3DMODEL_DIR}/Resistor_SMD.3dshapes/R_0603_1608Metric.step
04-22 18:05:48 com_github_MitjaNemec_Archive3DModels.archive_3d_models 150:Remapping: ${KICAD9_3DMODEL_DIR}/Resistor_SMD.3dshapes/R_0603_1608Metric.step
04-22 18:05:48 com_github_MitjaNemec_Archive3DModels.archive_3d_models 51:Getting 3D models for footprint of: R136
04-22 18:05:48 com_github_MitjaNemec_Archive3DModels.archive_3d_models 63:Trying to copy: ${KICAD9_3DMODEL_DIR}/Resistor_SMD.3dshapes/R_0603_1608Metric.step
04-22 18:05:48 com_github_MitjaNemec_Archive3DModels.archive_3d_models 150:Remapping: ${KICAD9_3DMODEL_DIR}/Resistor_SMD.3dshapes/R_0603_1608Metric.step
04-22 18:05:48 com_github_MitjaNemec_Archive3DModels.archive_3d_models 51:Getting 3D models for footprint of: C41
04-22 18:05:48 com_github_MitjaNemec_Archive3DModels.archive_3d_models 63:Trying to copy: ${KICAD9_3DMODEL_DIR}/Capacitor_SMD.3dshapes/C_0603_1608Metric.step
04-22 18:05:48 com_github_MitjaNemec_Archive3DModels.archive_3d_models 150:Remapping: ${KICAD9_3DMODEL_DIR}/Capacitor_SMD.3dshapes/C_0603_1608Metric.step
04-22 18:05:48 com_github_MitjaNemec_Archive3DModels.archive_3d_models 51:Getting 3D models for footprint of: R197
04-22 18:05:48 com_github_MitjaNemec_Archive3DModels.archive_3d_models 63:Trying to copy: ${KICAD9_3DMODEL_DIR}/Resistor_SMD.3dshapes/R_0603_1608Metric.step
04-22 18:05:48 com_github_MitjaNemec_Archive3DModels.archive_3d_models 150:Remapping: ${KICAD9_3DMODEL_DIR}/Resistor_SMD.3dshapes/R_0603_1608Metric.step
04-22 18:05:48 com_github_MitjaNemec_Archive3DModels.archive_3d_models 51:Getting 3D models for footprint of: C31
04-22 18:05:48 com_github_MitjaNemec_Archive3DModels.archive_3d_models 63:Trying to copy: ${KICAD9_3DMODEL_DIR}/Capacitor_SMD.3dshapes/C_0603_1608Metric.step
04-22 18:05:48 com_github_MitjaNemec_Archive3DModels.archive_3d_models 150:Remapping: ${KICAD9_3DMODEL_DIR}/Capacitor_SMD.3dshapes/C_0603_1608Metric.step
04-22 18:05:48 com_github_MitjaNemec_Archive3DModels.archive_3d_models 51:Getting 3D models for footprint of: R38
04-22 18:05:48 com_github_MitjaNemec_Archive3DModels.archive_3d_models 63:Trying to copy: ${KICAD9_3DMODEL_DIR}/Resistor_SMD.3dshapes/R_0603_1608Metric.step
04-22 18:05:48 com_github_MitjaNemec_Archive3DModels.archive_3d_models 150:Remapping: ${KICAD9_3DMODEL_DIR}/Resistor_SMD.3dshapes/R_0603_1608Metric.step
04-22 18:05:48 com_github_MitjaNemec_Archive3DModels.archive_3d_models 51:Getting 3D models for footprint of: U59
04-22 18:05:48 com_github_MitjaNemec_Archive3DModels.archive_3d_models 63:Trying to copy: ${KICAD9_3DMODEL_DIR}/Package_SO.3dshapes/SOP-4_3.8x4.1mm_P2.54mm.step
04-22 18:05:48 com_github_MitjaNemec_Archive3DModels.archive_3d_models 150:Remapping: ${KICAD9_3DMODEL_DIR}/Package_SO.3dshapes/SOP-4_3.8x4.1mm_P2.54mm.step
04-22 18:05:48 com_github_MitjaNemec_Archive3DModels.archive_3d_models 51:Getting 3D models for footprint of: C11
04-22 18:05:48 com_github_MitjaNemec_Archive3DModels.archive_3d_models 63:Trying to copy: ${KICAD9_3DMODEL_DIR}/Capacitor_SMD.3dshapes/C_0603_1608Metric.step
04-22 18:05:48 com_github_MitjaNemec_Archive3DModels.archive_3d_models 150:Remapping: ${KICAD9_3DMODEL_DIR}/Capacitor_SMD.3dshapes/C_0603_1608Metric.step
04-22 18:05:48 com_github_MitjaNemec_Archive3DModels.archive_3d_models 51:Getting 3D models for footprint of: R65
04-22 18:05:48 com_github_MitjaNemec_Archive3DModels.archive_3d_models 63:Trying to copy: ${KICAD9_3DMODEL_DIR}/Resistor_SMD.3dshapes/R_0603_1608Metric.step
04-22 18:05:48 com_github_MitjaNemec_Archive3DModels.archive_3d_models 150:Remapping: ${KICAD9_3DMODEL_DIR}/Resistor_SMD.3dshapes/R_0603_1608Metric.step
04-22 18:05:48 com_github_MitjaNemec_Archive3DModels.archive_3d_models 51:Getting 3D models for footprint of: U3
04-22 18:05:48 com_github_MitjaNemec_Archive3DModels.archive_3d_models 63:Trying to copy: ${KICAD9_3DMODEL_DIR}/Package_SO.3dshapes/SOP-4_3.8x4.1mm_P2.54mm.step
04-22 18:05:48 com_github_MitjaNemec_Archive3DModels.archive_3d_models 150:Remapping: ${KICAD9_3DMODEL_DIR}/Package_SO.3dshapes/SOP-4_3.8x4.1mm_P2.54mm.step
04-22 18:05:48 com_github_MitjaNemec_Archive3DModels.archive_3d_models 51:Getting 3D models for footprint of: R42
04-22 18:05:48 com_github_MitjaNemec_Archive3DModels.archive_3d_models 63:Trying to copy: ${KICAD9_3DMODEL_DIR}/Resistor_SMD.3dshapes/R_0603_1608Metric.step
04-22 18:05:48 com_github_MitjaNemec_Archive3DModels.archive_3d_models 150:Remapping: ${KICAD9_3DMODEL_DIR}/Resistor_SMD.3dshapes/R_0603_1608Metric.step
04-22 18:05:48 com_github_MitjaNemec_Archive3DModels.archive_3d_models 51:Getting 3D models for footprint of: U55
04-22 18:05:48 com_github_MitjaNemec_Archive3DModels.archive_3d_models 63:Trying to copy: ${KICAD9_3DMODEL_DIR}/Package_SO.3dshapes/SOP-4_3.8x4.1mm_P2.54mm.step
04-22 18:05:48 com_github_MitjaNemec_Archive3DModels.archive_3d_models 150:Remapping: ${KICAD9_3DMODEL_DIR}/Package_SO.3dshapes/SOP-4_3.8x4.1mm_P2.54mm.step
04-22 18:05:48 com_github_MitjaNemec_Archive3DModels.archive_3d_models 51:Getting 3D models for footprint of: U28
04-22 18:05:48 com_github_MitjaNemec_Archive3DModels.archive_3d_models 63:Trying to copy: ${KICAD9_3DMODEL_DIR}/Package_SO.3dshapes/SOP-4_3.8x4.1mm_P2.54mm.step
04-22 18:05:48 com_github_MitjaNemec_Archive3DModels.archive_3d_models 150:Remapping: ${KICAD9_3DMODEL_DIR}/Package_SO.3dshapes/SOP-4_3.8x4.1mm_P2.54mm.step
04-22 18:05:48 com_github_MitjaNemec_Archive3DModels.archive_3d_models 51:Getting 3D models for footprint of: R34
04-22 18:05:48 com_github_MitjaNemec_Archive3DModels.archive_3d_models 63:Trying to copy: ${KICAD9_3DMODEL_DIR}/Resistor_SMD.3dshapes/R_0603_1608Metric.step
04-22 18:05:48 com_github_MitjaNemec_Archive3DModels.archive_3d_models 150:Remapping: ${KICAD9_3DMODEL_DIR}/Resistor_SMD.3dshapes/R_0603_1608Metric.step
04-22 18:05:48 com_github_MitjaNemec_Archive3DModels.archive_3d_models 51:Getting 3D models for footprint of: R190
04-22 18:05:48 com_github_MitjaNemec_Archive3DModels.archive_3d_models 63:Trying to copy: ${KICAD9_3DMODEL_DIR}/Resistor_SMD.3dshapes/R_0603_1608Metric.step
04-22 18:05:48 com_github_MitjaNemec_Archive3DModels.archive_3d_models 150:Remapping: ${KICAD9_3DMODEL_DIR}/Resistor_SMD.3dshapes/R_0603_1608Metric.step
04-22 18:05:48 com_github_MitjaNemec_Archive3DModels.archive_3d_models 51:Getting 3D models for footprint of: U36
04-22 18:05:48 com_github_MitjaNemec_Archive3DModels.archive_3d_models 63:Trying to copy: ${KICAD9_3DMODEL_DIR}/Package_SO.3dshapes/SOP-4_3.8x4.1mm_P2.54mm.step
04-22 18:05:48 com_github_MitjaNemec_Archive3DModels.archive_3d_models 150:Remapping: ${KICAD9_3DMODEL_DIR}/Package_SO.3dshapes/SOP-4_3.8x4.1mm_P2.54mm.step
04-22 18:05:48 com_github_MitjaNemec_Archive3DModels.archive_3d_models 51:Getting 3D models for footprint of: R79
04-22 18:05:48 com_github_MitjaNemec_Archive3DModels.archive_3d_models 63:Trying to copy: ${KICAD9_3DMODEL_DIR}/Resistor_SMD.3dshapes/R_0603_1608Metric.step
04-22 18:05:48 com_github_MitjaNemec_Archive3DModels.archive_3d_models 150:Remapping: ${KICAD9_3DMODEL_DIR}/Resistor_SMD.3dshapes/R_0603_1608Metric.step
04-22 18:05:48 com_github_MitjaNemec_Archive3DModels.archive_3d_models 51:Getting 3D models for footprint of: R151
04-22 18:05:48 com_github_MitjaNemec_Archive3DModels.archive_3d_models 63:Trying to copy: ${KICAD9_3DMODEL_DIR}/Resistor_SMD.3dshapes/R_0603_1608Metric.step
04-22 18:05:48 com_github_MitjaNemec_Archive3DModels.archive_3d_models 150:Remapping: ${KICAD9_3DMODEL_DIR}/Resistor_SMD.3dshapes/R_0603_1608Metric.step
04-22 18:05:48 com_github_MitjaNemec_Archive3DModels.archive_3d_models 51:Getting 3D models for footprint of: R182
04-22 18:05:48 com_github_MitjaNemec_Archive3DModels.archive_3d_models 63:Trying to copy: ${KICAD9_3DMODEL_DIR}/Resistor_SMD.3dshapes/R_0603_1608Metric.step
04-22 18:05:48 com_github_MitjaNemec_Archive3DModels.archive_3d_models 150:Remapping: ${KICAD9_3DMODEL_DIR}/Resistor_SMD.3dshapes/R_0603_1608Metric.step
04-22 18:05:48 com_github_MitjaNemec_Archive3DModels.archive_3d_models 51:Getting 3D models for footprint of: R57
04-22 18:05:48 com_github_MitjaNemec_Archive3DModels.archive_3d_models 63:Trying to copy: ${KICAD9_3DMODEL_DIR}/Resistor_SMD.3dshapes/R_0603_1608Metric.step
04-22 18:05:48 com_github_MitjaNemec_Archive3DModels.archive_3d_models 150:Remapping: ${KICAD9_3DMODEL_DIR}/Resistor_SMD.3dshapes/R_0603_1608Metric.step
04-22 18:05:48 com_github_MitjaNemec_Archive3DModels.archive_3d_models 51:Getting 3D models for footprint of: FB22
04-22 18:05:48 com_github_MitjaNemec_Archive3DModels.archive_3d_models 63:Trying to copy: ${KICAD9_3DMODEL_DIR}/Inductor_SMD.3dshapes/L_0603_1608Metric.step
04-22 18:05:48 com_github_MitjaNemec_Archive3DModels.archive_3d_models 150:Remapping: ${KICAD9_3DMODEL_DIR}/Inductor_SMD.3dshapes/L_0603_1608Metric.step
04-22 18:05:48 com_github_MitjaNemec_Archive3DModels.archive_3d_models 51:Getting 3D models for footprint of: R164
04-22 18:05:48 com_github_MitjaNemec_Archive3DModels.archive_3d_models 63:Trying to copy: ${KICAD9_3DMODEL_DIR}/Resistor_SMD.3dshapes/R_0603_1608Metric.step
04-22 18:05:48 com_github_MitjaNemec_Archive3DModels.archive_3d_models 150:Remapping: ${KICAD9_3DMODEL_DIR}/Resistor_SMD.3dshapes/R_0603_1608Metric.step
04-22 18:05:48 com_github_MitjaNemec_Archive3DModels.archive_3d_models 51:Getting 3D models for footprint of: R133
04-22 18:05:48 com_github_MitjaNemec_Archive3DModels.archive_3d_models 63:Trying to copy: ${KICAD9_3DMODEL_DIR}/Resistor_SMD.3dshapes/R_0603_1608Metric.step
04-22 18:05:48 com_github_MitjaNemec_Archive3DModels.archive_3d_models 150:Remapping: ${KICAD9_3DMODEL_DIR}/Resistor_SMD.3dshapes/R_0603_1608Metric.step
04-22 18:05:48 com_github_MitjaNemec_Archive3DModels.archive_3d_models 51:Getting 3D models for footprint of: FB6
04-22 18:05:48 com_github_MitjaNemec_Archive3DModels.archive_3d_models 63:Trying to copy: ${KICAD9_3DMODEL_DIR}/Inductor_SMD.3dshapes/L_0603_1608Metric.step
04-22 18:05:48 com_github_MitjaNemec_Archive3DModels.archive_3d_models 150:Remapping: ${KICAD9_3DMODEL_DIR}/Inductor_SMD.3dshapes/L_0603_1608Metric.step
04-22 18:05:48 com_github_MitjaNemec_Archive3DModels.archive_3d_models 51:Getting 3D models for footprint of: U11
04-22 18:05:48 com_github_MitjaNemec_Archive3DModels.archive_3d_models 63:Trying to copy: ${KICAD9_3DMODEL_DIR}/Package_SO.3dshapes/SOP-4_3.8x4.1mm_P2.54mm.step
04-22 18:05:48 com_github_MitjaNemec_Archive3DModels.archive_3d_models 150:Remapping: ${KICAD9_3DMODEL_DIR}/Package_SO.3dshapes/SOP-4_3.8x4.1mm_P2.54mm.step
04-22 18:05:48 com_github_MitjaNemec_Archive3DModels.archive_3d_models 51:Getting 3D models for footprint of: C61
04-22 18:05:48 com_github_MitjaNemec_Archive3DModels.archive_3d_models 63:Trying to copy: ${KICAD9_3DMODEL_DIR}/Capacitor_SMD.3dshapes/C_0603_1608Metric.step
04-22 18:05:48 com_github_MitjaNemec_Archive3DModels.archive_3d_models 150:Remapping: ${KICAD9_3DMODEL_DIR}/Capacitor_SMD.3dshapes/C_0603_1608Metric.step
04-22 18:05:48 com_github_MitjaNemec_Archive3DModels.archive_3d_models 51:Getting 3D models for footprint of: FB18
04-22 18:05:48 com_github_MitjaNemec_Archive3DModels.archive_3d_models 63:Trying to copy: ${KICAD9_3DMODEL_DIR}/Inductor_SMD.3dshapes/L_0603_1608Metric.step
04-22 18:05:48 com_github_MitjaNemec_Archive3DModels.archive_3d_models 150:Remapping: ${KICAD9_3DMODEL_DIR}/Inductor_SMD.3dshapes/L_0603_1608Metric.step
04-22 18:05:48 com_github_MitjaNemec_Archive3DModels.archive_3d_models 51:Getting 3D models for footprint of: FB19
04-22 18:05:48 com_github_MitjaNemec_Archive3DModels.archive_3d_models 63:Trying to copy: ${KICAD9_3DMODEL_DIR}/Inductor_SMD.3dshapes/L_0603_1608Metric.step
04-22 18:05:48 com_github_MitjaNemec_Archive3DModels.archive_3d_models 150:Remapping: ${KICAD9_3DMODEL_DIR}/Inductor_SMD.3dshapes/L_0603_1608Metric.step
04-22 18:05:48 com_github_MitjaNemec_Archive3DModels.archive_3d_models 51:Getting 3D models for footprint of: R189
04-22 18:05:48 com_github_MitjaNemec_Archive3DModels.archive_3d_models 63:Trying to copy: ${KICAD9_3DMODEL_DIR}/Resistor_SMD.3dshapes/R_0603_1608Metric.step
04-22 18:05:48 com_github_MitjaNemec_Archive3DModels.archive_3d_models 150:Remapping: ${KICAD9_3DMODEL_DIR}/Resistor_SMD.3dshapes/R_0603_1608Metric.step
04-22 18:05:48 com_github_MitjaNemec_Archive3DModels.archive_3d_models 51:Getting 3D models for footprint of: R45
04-22 18:05:48 com_github_MitjaNemec_Archive3DModels.archive_3d_models 63:Trying to copy: ${KICAD9_3DMODEL_DIR}/Resistor_SMD.3dshapes/R_0603_1608Metric.step
04-22 18:05:48 com_github_MitjaNemec_Archive3DModels.archive_3d_models 150:Remapping: ${KICAD9_3DMODEL_DIR}/Resistor_SMD.3dshapes/R_0603_1608Metric.step
04-22 18:05:48 com_github_MitjaNemec_Archive3DModels.archive_3d_models 51:Getting 3D models for footprint of: C37
04-22 18:05:48 com_github_MitjaNemec_Archive3DModels.archive_3d_models 63:Trying to copy: ${KICAD9_3DMODEL_DIR}/Capacitor_SMD.3dshapes/C_0603_1608Metric.step
04-22 18:05:48 com_github_MitjaNemec_Archive3DModels.archive_3d_models 150:Remapping: ${KICAD9_3DMODEL_DIR}/Capacitor_SMD.3dshapes/C_0603_1608Metric.step
04-22 18:05:48 com_github_MitjaNemec_Archive3DModels.archive_3d_models 51:Getting 3D models for footprint of: IC7
04-22 18:05:48 com_github_MitjaNemec_Archive3DModels.archive_3d_models 63:Trying to copy: D:/KiCad/9.0/share/kicad/SemacSys/SamacSys_Parts.3dshapes/TS3021ILT.stp
04-22 18:05:48 com_github_MitjaNemec_Archive3DModels.archive_3d_models 150:Remapping: D:/KiCad/9.0/share/kicad/SemacSys/SamacSys_Parts.3dshapes/TS3021ILT.stp
04-22 18:05:48 com_github_MitjaNemec_Archive3DModels.archive_3d_models 51:Getting 3D models for footprint of: C9
04-22 18:05:48 com_github_MitjaNemec_Archive3DModels.archive_3d_models 63:Trying to copy: ${KICAD9_3DMODEL_DIR}/Capacitor_SMD.3dshapes/C_0603_1608Metric.step
04-22 18:05:48 com_github_MitjaNemec_Archive3DModels.archive_3d_models 150:Remapping: ${KICAD9_3DMODEL_DIR}/Capacitor_SMD.3dshapes/C_0603_1608Metric.step
04-22 18:05:48 com_github_MitjaNemec_Archive3DModels.archive_3d_models 51:Getting 3D models for footprint of: R59
04-22 18:05:48 com_github_MitjaNemec_Archive3DModels.archive_3d_models 63:Trying to copy: ${KICAD9_3DMODEL_DIR}/Resistor_SMD.3dshapes/R_0603_1608Metric.step
04-22 18:05:48 com_github_MitjaNemec_Archive3DModels.archive_3d_models 150:Remapping: ${KICAD9_3DMODEL_DIR}/Resistor_SMD.3dshapes/R_0603_1608Metric.step
04-22 18:05:48 com_github_MitjaNemec_Archive3DModels.archive_3d_models 51:Getting 3D models for footprint of: IC14
04-22 18:05:48 com_github_MitjaNemec_Archive3DModels.archive_3d_models 63:Trying to copy: D:/KiCad/9.0/share/kicad/SemacSys/SamacSys_Parts.3dshapes/TS3021ILT.stp
04-22 18:05:48 com_github_MitjaNemec_Archive3DModels.archive_3d_models 150:Remapping: D:/KiCad/9.0/share/kicad/SemacSys/SamacSys_Parts.3dshapes/TS3021ILT.stp
04-22 18:05:48 com_github_MitjaNemec_Archive3DModels.archive_3d_models 51:Getting 3D models for footprint of: C14
04-22 18:05:48 com_github_MitjaNemec_Archive3DModels.archive_3d_models 63:Trying to copy: ${KICAD9_3DMODEL_DIR}/Capacitor_SMD.3dshapes/C_0603_1608Metric.step
04-22 18:05:48 com_github_MitjaNemec_Archive3DModels.archive_3d_models 150:Remapping: ${KICAD9_3DMODEL_DIR}/Capacitor_SMD.3dshapes/C_0603_1608Metric.step
04-22 18:05:48 com_github_MitjaNemec_Archive3DModels.archive_3d_models 51:Getting 3D models for footprint of: D12
04-22 18:05:48 com_github_MitjaNemec_Archive3DModels.archive_3d_models 63:Trying to copy: ${KICAD9_3DMODEL_DIR}/Diode_SMD.3dshapes/D_SMF.step
04-22 18:05:48 com_github_MitjaNemec_Archive3DModels.archive_3d_models 150:Remapping: ${KICAD9_3DMODEL_DIR}/Diode_SMD.3dshapes/D_SMF.step
04-22 18:05:48 com_github_MitjaNemec_Archive3DModels.archive_3d_models 51:Getting 3D models for footprint of: R103
04-22 18:05:48 com_github_MitjaNemec_Archive3DModels.archive_3d_models 63:Trying to copy: ${KICAD9_3DMODEL_DIR}/Resistor_SMD.3dshapes/R_0603_1608Metric.step
04-22 18:05:48 com_github_MitjaNemec_Archive3DModels.archive_3d_models 150:Remapping: ${KICAD9_3DMODEL_DIR}/Resistor_SMD.3dshapes/R_0603_1608Metric.step
04-22 18:05:48 com_github_MitjaNemec_Archive3DModels.archive_3d_models 51:Getting 3D models for footprint of: R113
04-22 18:05:48 com_github_MitjaNemec_Archive3DModels.archive_3d_models 63:Trying to copy: ${KICAD9_3DMODEL_DIR}/Resistor_SMD.3dshapes/R_0603_1608Metric.step
04-22 18:05:49 com_github_MitjaNemec_Archive3DModels.archive_3d_models 150:Remapping: ${KICAD9_3DMODEL_DIR}/Resistor_SMD.3dshapes/R_0603_1608Metric.step
04-22 18:05:49 com_github_MitjaNemec_Archive3DModels.archive_3d_models 51:Getting 3D models for footprint of: C20
04-22 18:05:49 com_github_MitjaNemec_Archive3DModels.archive_3d_models 63:Trying to copy: ${KICAD9_3DMODEL_DIR}/Capacitor_SMD.3dshapes/C_0603_1608Metric.step
04-22 18:05:49 com_github_MitjaNemec_Archive3DModels.archive_3d_models 150:Remapping: ${KICAD9_3DMODEL_DIR}/Capacitor_SMD.3dshapes/C_0603_1608Metric.step
04-22 18:05:49 com_github_MitjaNemec_Archive3DModels.archive_3d_models 51:Getting 3D models for footprint of: R135
04-22 18:05:49 com_github_MitjaNemec_Archive3DModels.archive_3d_models 63:Trying to copy: ${KICAD9_3DMODEL_DIR}/Resistor_SMD.3dshapes/R_0603_1608Metric.step
04-22 18:05:49 com_github_MitjaNemec_Archive3DModels.archive_3d_models 150:Remapping: ${KICAD9_3DMODEL_DIR}/Resistor_SMD.3dshapes/R_0603_1608Metric.step
04-22 18:05:49 com_github_MitjaNemec_Archive3DModels.archive_3d_models 51:Getting 3D models for footprint of: R185
04-22 18:05:49 com_github_MitjaNemec_Archive3DModels.archive_3d_models 63:Trying to copy: ${KICAD9_3DMODEL_DIR}/Resistor_SMD.3dshapes/R_0603_1608Metric.step
04-22 18:05:49 com_github_MitjaNemec_Archive3DModels.archive_3d_models 150:Remapping: ${KICAD9_3DMODEL_DIR}/Resistor_SMD.3dshapes/R_0603_1608Metric.step
04-22 18:05:49 com_github_MitjaNemec_Archive3DModels.archive_3d_models 51:Getting 3D models for footprint of: R117
04-22 18:05:49 com_github_MitjaNemec_Archive3DModels.archive_3d_models 63:Trying to copy: ${KICAD9_3DMODEL_DIR}/Resistor_SMD.3dshapes/R_0603_1608Metric.step
04-22 18:05:49 com_github_MitjaNemec_Archive3DModels.archive_3d_models 150:Remapping: ${KICAD9_3DMODEL_DIR}/Resistor_SMD.3dshapes/R_0603_1608Metric.step
04-22 18:05:49 com_github_MitjaNemec_Archive3DModels.archive_3d_models 51:Getting 3D models for footprint of: C10
04-22 18:05:49 com_github_MitjaNemec_Archive3DModels.archive_3d_models 63:Trying to copy: ${KICAD9_3DMODEL_DIR}/Capacitor_SMD.3dshapes/C_0603_1608Metric.step
04-22 18:05:49 com_github_MitjaNemec_Archive3DModels.archive_3d_models 150:Remapping: ${KICAD9_3DMODEL_DIR}/Capacitor_SMD.3dshapes/C_0603_1608Metric.step
04-22 18:05:49 com_github_MitjaNemec_Archive3DModels.archive_3d_models 51:Getting 3D models for footprint of: R18
04-22 18:05:49 com_github_MitjaNemec_Archive3DModels.archive_3d_models 63:Trying to copy: ${KICAD9_3DMODEL_DIR}/Resistor_SMD.3dshapes/R_0603_1608Metric.step
04-22 18:05:49 com_github_MitjaNemec_Archive3DModels.archive_3d_models 150:Remapping: ${KICAD9_3DMODEL_DIR}/Resistor_SMD.3dshapes/R_0603_1608Metric.step
04-22 18:05:49 com_github_MitjaNemec_Archive3DModels.archive_3d_models 51:Getting 3D models for footprint of: C49
04-22 18:05:49 com_github_MitjaNemec_Archive3DModels.archive_3d_models 63:Trying to copy: ${KICAD9_3DMODEL_DIR}/Capacitor_SMD.3dshapes/C_1206_3216Metric.step
04-22 18:05:49 com_github_MitjaNemec_Archive3DModels.archive_3d_models 150:Remapping: ${KICAD9_3DMODEL_DIR}/Capacitor_SMD.3dshapes/C_1206_3216Metric.step
04-22 18:05:49 com_github_MitjaNemec_Archive3DModels.archive_3d_models 51:Getting 3D models for footprint of: U4
04-22 18:05:49 com_github_MitjaNemec_Archive3DModels.archive_3d_models 63:Trying to copy: ${KICAD9_3DMODEL_DIR}/Package_SO.3dshapes/SOP-4_3.8x4.1mm_P2.54mm.step
04-22 18:05:49 com_github_MitjaNemec_Archive3DModels.archive_3d_models 150:Remapping: ${KICAD9_3DMODEL_DIR}/Package_SO.3dshapes/SOP-4_3.8x4.1mm_P2.54mm.step
04-22 18:05:49 com_github_MitjaNemec_Archive3DModels.archive_3d_models 51:Getting 3D models for footprint of: R157
04-22 18:05:49 com_github_MitjaNemec_Archive3DModels.archive_3d_models 63:Trying to copy: ${KICAD9_3DMODEL_DIR}/Resistor_SMD.3dshapes/R_0603_1608Metric.step
04-22 18:05:49 com_github_MitjaNemec_Archive3DModels.archive_3d_models 150:Remapping: ${KICAD9_3DMODEL_DIR}/Resistor_SMD.3dshapes/R_0603_1608Metric.step
04-22 18:05:49 com_github_MitjaNemec_Archive3DModels.archive_3d_models 51:Getting 3D models for footprint of: D7
04-22 18:05:49 com_github_MitjaNemec_Archive3DModels.archive_3d_models 63:Trying to copy: ${KICAD9_3DMODEL_DIR}/Diode_SMD.3dshapes/D_SMF.step
04-22 18:05:49 com_github_MitjaNemec_Archive3DModels.archive_3d_models 150:Remapping: ${KICAD9_3DMODEL_DIR}/Diode_SMD.3dshapes/D_SMF.step
04-22 18:05:49 com_github_MitjaNemec_Archive3DModels.archive_3d_models 51:Getting 3D models for footprint of: U9
04-22 18:05:49 com_github_MitjaNemec_Archive3DModels.archive_3d_models 63:Trying to copy: ${KICAD9_3DMODEL_DIR}/Package_SO.3dshapes/SOP-4_3.8x4.1mm_P2.54mm.step
04-22 18:05:49 com_github_MitjaNemec_Archive3DModels.archive_3d_models 150:Remapping: ${KICAD9_3DMODEL_DIR}/Package_SO.3dshapes/SOP-4_3.8x4.1mm_P2.54mm.step
04-22 18:05:49 com_github_MitjaNemec_Archive3DModels.archive_3d_models 51:Getting 3D models for footprint of: R27
04-22 18:05:49 com_github_MitjaNemec_Archive3DModels.archive_3d_models 63:Trying to copy: ${KICAD9_3DMODEL_DIR}/Resistor_SMD.3dshapes/R_0603_1608Metric.step
04-22 18:05:49 com_github_MitjaNemec_Archive3DModels.archive_3d_models 150:Remapping: ${KICAD9_3DMODEL_DIR}/Resistor_SMD.3dshapes/R_0603_1608Metric.step
04-22 18:05:49 com_github_MitjaNemec_Archive3DModels.archive_3d_models 51:Getting 3D models for footprint of: D4
04-22 18:05:49 com_github_MitjaNemec_Archive3DModels.archive_3d_models 63:Trying to copy: ${KICAD9_3DMODEL_DIR}/Diode_SMD.3dshapes/D_SMF.step
04-22 18:05:49 com_github_MitjaNemec_Archive3DModels.archive_3d_models 150:Remapping: ${KICAD9_3DMODEL_DIR}/Diode_SMD.3dshapes/D_SMF.step
04-22 18:05:49 com_github_MitjaNemec_Archive3DModels.archive_3d_models 51:Getting 3D models for footprint of: R171
04-22 18:05:49 com_github_MitjaNemec_Archive3DModels.archive_3d_models 63:Trying to copy: ${KICAD9_3DMODEL_DIR}/Resistor_SMD.3dshapes/R_0603_1608Metric.step
04-22 18:05:49 com_github_MitjaNemec_Archive3DModels.archive_3d_models 150:Remapping: ${KICAD9_3DMODEL_DIR}/Resistor_SMD.3dshapes/R_0603_1608Metric.step
04-22 18:05:49 com_github_MitjaNemec_Archive3DModels.archive_3d_models 51:Getting 3D models for footprint of: R173
04-22 18:05:49 com_github_MitjaNemec_Archive3DModels.archive_3d_models 63:Trying to copy: ${KICAD9_3DMODEL_DIR}/Resistor_SMD.3dshapes/R_0603_1608Metric.step
04-22 18:05:49 com_github_MitjaNemec_Archive3DModels.archive_3d_models 150:Remapping: ${KICAD9_3DMODEL_DIR}/Resistor_SMD.3dshapes/R_0603_1608Metric.step
04-22 18:05:49 com_github_MitjaNemec_Archive3DModels.archive_3d_models 51:Getting 3D models for footprint of: R115
04-22 18:05:49 com_github_MitjaNemec_Archive3DModels.archive_3d_models 63:Trying to copy: ${KICAD9_3DMODEL_DIR}/Resistor_SMD.3dshapes/R_0603_1608Metric.step
04-22 18:05:49 com_github_MitjaNemec_Archive3DModels.archive_3d_models 150:Remapping: ${KICAD9_3DMODEL_DIR}/Resistor_SMD.3dshapes/R_0603_1608Metric.step
04-22 18:05:49 com_github_MitjaNemec_Archive3DModels.archive_3d_models 51:Getting 3D models for footprint of: FB2
04-22 18:05:49 com_github_MitjaNemec_Archive3DModels.archive_3d_models 63:Trying to copy: ${KICAD9_3DMODEL_DIR}/Inductor_SMD.3dshapes/L_0603_1608Metric.step
04-22 18:05:49 com_github_MitjaNemec_Archive3DModels.archive_3d_models 150:Remapping: ${KICAD9_3DMODEL_DIR}/Inductor_SMD.3dshapes/L_0603_1608Metric.step
04-22 18:05:49 com_github_MitjaNemec_Archive3DModels.archive_3d_models 51:Getting 3D models for footprint of: FB31
04-22 18:05:49 com_github_MitjaNemec_Archive3DModels.archive_3d_models 63:Trying to copy: ${KICAD9_3DMODEL_DIR}/Inductor_SMD.3dshapes/L_0603_1608Metric.step
04-22 18:05:49 com_github_MitjaNemec_Archive3DModels.archive_3d_models 150:Remapping: ${KICAD9_3DMODEL_DIR}/Inductor_SMD.3dshapes/L_0603_1608Metric.step
04-22 18:05:49 com_github_MitjaNemec_Archive3DModels.archive_3d_models 51:Getting 3D models for footprint of: R124
04-22 18:05:49 com_github_MitjaNemec_Archive3DModels.archive_3d_models 63:Trying to copy: ${KICAD9_3DMODEL_DIR}/Resistor_SMD.3dshapes/R_0603_1608Metric.step
04-22 18:05:49 com_github_MitjaNemec_Archive3DModels.archive_3d_models 150:Remapping: ${KICAD9_3DMODEL_DIR}/Resistor_SMD.3dshapes/R_0603_1608Metric.step
04-22 18:05:49 com_github_MitjaNemec_Archive3DModels.archive_3d_models 51:Getting 3D models for footprint of: R50
04-22 18:05:49 com_github_MitjaNemec_Archive3DModels.archive_3d_models 63:Trying to copy: ${KICAD9_3DMODEL_DIR}/Resistor_SMD.3dshapes/R_0603_1608Metric.step
04-22 18:05:49 com_github_MitjaNemec_Archive3DModels.archive_3d_models 150:Remapping: ${KICAD9_3DMODEL_DIR}/Resistor_SMD.3dshapes/R_0603_1608Metric.step
04-22 18:05:49 com_github_MitjaNemec_Archive3DModels.archive_3d_models 51:Getting 3D models for footprint of: R1
04-22 18:05:49 com_github_MitjaNemec_Archive3DModels.archive_3d_models 63:Trying to copy: ${KICAD9_3DMODEL_DIR}/Resistor_SMD.3dshapes/R_0603_1608Metric.step
04-22 18:05:49 com_github_MitjaNemec_Archive3DModels.archive_3d_models 150:Remapping: ${KICAD9_3DMODEL_DIR}/Resistor_SMD.3dshapes/R_0603_1608Metric.step
04-22 18:05:49 com_github_MitjaNemec_Archive3DModels.archive_3d_models 51:Getting 3D models for footprint of: C63
04-22 18:05:49 com_github_MitjaNemec_Archive3DModels.archive_3d_models 63:Trying to copy: ${KICAD9_3DMODEL_DIR}/Capacitor_SMD.3dshapes/C_0603_1608Metric.step
04-22 18:05:49 com_github_MitjaNemec_Archive3DModels.archive_3d_models 150:Remapping: ${KICAD9_3DMODEL_DIR}/Capacitor_SMD.3dshapes/C_0603_1608Metric.step
04-22 18:05:49 com_github_MitjaNemec_Archive3DModels.archive_3d_models 51:Getting 3D models for footprint of: R139
04-22 18:05:49 com_github_MitjaNemec_Archive3DModels.archive_3d_models 63:Trying to copy: ${KICAD9_3DMODEL_DIR}/Resistor_SMD.3dshapes/R_0603_1608Metric.step
04-22 18:05:49 com_github_MitjaNemec_Archive3DModels.archive_3d_models 150:Remapping: ${KICAD9_3DMODEL_DIR}/Resistor_SMD.3dshapes/R_0603_1608Metric.step
04-22 18:05:49 com_github_MitjaNemec_Archive3DModels.archive_3d_models 51:Getting 3D models for footprint of: U63
04-22 18:05:49 com_github_MitjaNemec_Archive3DModels.archive_3d_models 63:Trying to copy: ${KICAD9_3DMODEL_DIR}/Package_SO.3dshapes/SOIC-8_3.9x4.9mm_P1.27mm.step
04-22 18:05:49 com_github_MitjaNemec_Archive3DModels.archive_3d_models 150:Remapping: ${KICAD9_3DMODEL_DIR}/Package_SO.3dshapes/SOIC-8_3.9x4.9mm_P1.27mm.step
04-22 18:05:49 com_github_MitjaNemec_Archive3DModels.archive_3d_models 51:Getting 3D models for footprint of: R12
04-22 18:05:49 com_github_MitjaNemec_Archive3DModels.archive_3d_models 63:Trying to copy: ${KICAD9_3DMODEL_DIR}/Resistor_SMD.3dshapes/R_0603_1608Metric.step
04-22 18:05:49 com_github_MitjaNemec_Archive3DModels.archive_3d_models 150:Remapping: ${KICAD9_3DMODEL_DIR}/Resistor_SMD.3dshapes/R_0603_1608Metric.step
04-22 18:05:49 com_github_MitjaNemec_Archive3DModels.archive_3d_models 51:Getting 3D models for footprint of: FB3
04-22 18:05:49 com_github_MitjaNemec_Archive3DModels.archive_3d_models 63:Trying to copy: ${KICAD9_3DMODEL_DIR}/Inductor_SMD.3dshapes/L_0603_1608Metric.step
04-22 18:05:49 com_github_MitjaNemec_Archive3DModels.archive_3d_models 150:Remapping: ${KICAD9_3DMODEL_DIR}/Inductor_SMD.3dshapes/L_0603_1608Metric.step
04-22 18:05:49 com_github_MitjaNemec_Archive3DModels.archive_3d_models 51:Getting 3D models for footprint of: R31
04-22 18:05:49 com_github_MitjaNemec_Archive3DModels.archive_3d_models 63:Trying to copy: ${KICAD9_3DMODEL_DIR}/Resistor_SMD.3dshapes/R_0603_1608Metric.step
04-22 18:05:49 com_github_MitjaNemec_Archive3DModels.archive_3d_models 150:Remapping: ${KICAD9_3DMODEL_DIR}/Resistor_SMD.3dshapes/R_0603_1608Metric.step
